date,open,high,low,close,volume,money,open_interest,symbol
2018-01-02,130.15,131.3,128.75,131.3,26.0,1696100.0,6.0,BB1804
2018-01-03,130.75,130.75,129.7,129.7,4.0,260400.0,4.0,BB1804
2018-01-04,129.2,129.2,129.2,129.2,2.0,129200.0,4.0,BB1804
2018-01-05,130.9,131.85,130.9,131.85,6.0,393800.0,8.0,BB1804
2018-01-08,131.0,131.0,131.0,131.0,2.0,131000.0,6.0,BB1804
2018-01-09,131.0,131.0,131.0,131.0,0.0,0.0,6.0,BB1804
2018-01-10,131.0,131.0,131.0,131.15,0.0,0.0,6.0,BB1804
2018-01-11,131.15,131.15,131.15,131.15,0.0,0.0,6.0,BB1804
2018-01-12,131.5,131.5,131.5,131.5,4.0,263000.0,4.0,BB1804
2018-01-15,107.55,107.55,107.55,115.15,0.0,0.0,12.0,BB1805
2018-01-16,124.35,124.35,124.35,124.35,2.0,124400.0,10.0,BB1805
2018-01-17,125.0,129.05,118.25,123.45,14.0,879200.0,8.0,BB1805
2018-01-18,126.95,131.25,120.2,126.65,48.0,3067200.0,6.0,BB1805
2018-01-19,126.8,130.0,126.8,130.0,8.0,511400.0,6.0,BB1805
2018-01-22,129.0,129.55,129.0,129.4,12.0,775800.0,6.0,BB1805
2018-01-23,129.2,129.2,129.1,129.1,6.0,387400.0,0.0,BB1805
2018-01-24,129.1,129.1,129.1,129.1,0.0,0.0,0.0,BB1805
2018-01-25,135.0,135.0,135.0,135.0,0.0,0.0,2.0,BB1802
2018-01-26,135.0,135.0,135.0,135.0,0.0,0.0,2.0,BB1802
2018-01-29,135.0,135.0,135.0,135.0,0.0,0.0,2.0,BB1802
2018-01-30,131.6,131.75,125.3,127.05,14.0,903400.0,8.0,BB1805
2018-01-31,129.5,129.5,129.05,129.05,10.0,647000.0,2.0,BB1805
2018-02-01,129.05,129.05,129.05,129.4,0.0,0.0,2.0,BB1805
2018-02-02,143.1,143.1,143.1,155.95,0.0,0.0,2.0,BB1802
2018-02-05,173.05,173.05,173.05,173.05,2.0,173000.0,0.0,BB1802
2018-02-06,173.05,173.05,173.05,173.05,0.0,0.0,0.0,BB1802
2018-02-07,129.8,129.8,129.8,129.8,0.0,0.0,0.0,BB1805
2018-02-08,130.4,130.4,130.4,130.4,0.0,0.0,2.0,BB1804
2018-02-09,130.4,130.4,130.4,130.5,0.0,0.0,2.0,BB1804
2018-02-12,133.85,133.85,133.85,133.5,0.0,0.0,12.0,BB1805
2018-02-13,133.5,133.5,133.5,133.7,0.0,0.0,12.0,BB1805
2018-02-14,133.9,133.9,133.85,133.85,4.0,267800.0,8.0,BB1805
2018-02-22,133.85,133.85,133.85,133.85,0.0,0.0,8.0,BB1805
2018-02-23,133.85,133.85,133.85,133.85,0.0,0.0,8.0,BB1805
2018-02-26,133.9,135.8,133.9,134.5,8.0,538200.0,4.0,BB1805
2018-02-27,134.5,134.5,134.5,134.5,0.0,0.0,4.0,BB1805
2018-02-28,134.5,134.5,134.5,134.5,0.0,0.0,4.0,BB1805
2018-03-01,134.5,134.5,134.5,134.5,0.0,0.0,4.0,BB1805
2018-03-02,133.25,133.25,133.25,133.25,2.0,133200.0,4.0,BB1805
2018-03-05,133.25,133.25,133.25,133.3,0.0,0.0,4.0,BB1805
2018-03-06,133.3,133.3,133.3,133.3,0.0,0.0,4.0,BB1805
2018-03-07,133.3,133.3,133.3,133.3,0.0,0.0,4.0,BB1805
2018-03-08,133.3,133.3,133.3,133.95,0.0,0.0,4.0,BB1805
2018-03-09,133.95,133.95,133.95,133.95,0.0,0.0,4.0,BB1805
2018-03-12,136.45,140.1,136.45,137.55,16.0,1110800.0,8.0,BB1805
2018-03-13,138.75,143.5,138.15,138.15,8.0,558800.0,6.0,BB1805
2018-03-14,138.15,138.15,138.15,139.7,0.0,0.0,6.0,BB1805
2018-03-15,143.45,143.45,136.6,138.35,34.0,2377900.0,4.0,BB1805
2018-03-16,138.35,138.35,138.35,139.85,0.0,0.0,4.0,BB1805
2018-03-19,139.85,139.85,139.85,139.85,0.0,0.0,4.0,BB1805
2018-03-20,139.85,139.85,139.85,139.85,0.0,0.0,4.0,BB1805
2018-03-21,139.85,139.85,139.85,139.85,0.0,0.0,4.0,BB1805
2018-03-22,139.85,139.85,134.3,134.35,26.0,1775200.0,12.0,BB1805
2018-03-23,133.45,133.5,133.45,133.5,8.0,533900.0,14.0,BB1805
2018-03-26,131.0,135.0,131.0,133.0,12.0,800000.0,10.0,BB1805
2018-03-27,135.6,136.45,130.15,135.55,20.0,1352000.0,8.0,BB1805
2018-03-28,135.55,135.55,135.55,135.15,0.0,0.0,8.0,BB1805
2018-03-29,135.15,135.15,135.15,135.15,0.0,0.0,8.0,BB1805
2018-03-30,135.15,135.15,135.15,135.55,0.0,0.0,8.0,BB1805
2018-04-02,135.55,135.55,135.55,136.05,0.0,0.0,8.0,BB1805
2018-04-03,136.05,136.05,136.05,137.0,0.0,0.0,8.0,BB1805
2018-04-04,137.0,137.0,137.0,137.5,0.0,0.0,8.0,BB1805
2018-04-09,138.7,138.7,138.7,138.7,2.0,138700.0,6.0,BB1805
2018-04-10,138.7,138.7,138.7,138.7,0.0,0.0,6.0,BB1805
2018-04-11,138.7,138.7,138.7,138.7,0.0,0.0,6.0,BB1805
2018-04-12,138.7,138.7,138.7,138.7,0.0,0.0,6.0,BB1805
2018-04-13,138.7,138.7,138.7,138.7,0.0,0.0,6.0,BB1805
2018-04-16,138.7,138.7,138.7,144.15,0.0,0.0,6.0,BB1805
2018-04-17,144.15,144.15,144.15,144.15,0.0,0.0,6.0,BB1805
2018-04-18,144.15,144.15,144.15,144.15,0.0,0.0,6.0,BB1805
2018-04-19,144.15,144.15,144.15,143.0,0.0,0.0,6.0,BB1805
2018-04-20,143.0,143.0,143.0,143.0,2.0,143000.0,6.0,BB1805
2018-04-23,143.0,143.0,143.0,143.0,0.0,0.0,6.0,BB1805
2018-04-24,143.5,150.15,138.7,149.95,28.0,2063600.0,4.0,BB1805
2018-04-25,149.95,149.95,149.95,147.35,0.0,0.0,4.0,BB1805
2018-04-26,147.35,147.35,147.35,147.35,0.0,0.0,4.0,BB1805
2018-04-27,151.0,154.7,151.0,154.7,4.0,305700.0,4.0,BB1805
2018-05-02,154.7,154.7,154.7,152.85,0.0,0.0,4.0,BB1805
2018-05-03,152.85,152.85,152.85,152.85,0.0,0.0,4.0,BB1805
2018-05-04,152.85,152.85,152.85,152.85,0.0,0.0,4.0,BB1805
2018-05-07,148.0,148.0,148.0,148.0,4.0,296000.0,0.0,BB1805
2018-05-08,148.0,148.0,148.0,148.0,0.0,0.0,0.0,BB1805
2018-05-09,148.0,148.0,148.0,148.0,0.0,0.0,0.0,BB1805
2018-05-10,148.0,148.0,148.0,148.0,0.0,0.0,0.0,BB1805
2018-05-11,148.0,148.0,148.0,148.0,0.0,0.0,0.0,BB1805
2018-05-14,148.0,148.0,148.0,148.0,0.0,0.0,0.0,BB1805
2018-05-15,136.45,136.45,133.2,133.35,18.0,1217500.0,8.0,BB1809
2018-05-16,134.05,141.55,134.05,137.95,22.0,1508900.0,8.0,BB1809
2018-05-17,139.45,143.85,136.05,143.8,16.0,1114000.0,8.0,BB1809
2018-05-18,143.8,143.8,143.8,139.25,0.0,0.0,8.0,BB1809
2018-05-21,139.25,139.25,139.25,139.25,0.0,0.0,8.0,BB1809
2018-05-22,139.25,139.25,139.25,139.25,0.0,0.0,8.0,BB1809
2018-05-23,139.25,139.25,139.25,139.25,0.0,0.0,8.0,BB1809
2018-05-24,139.25,139.25,139.25,146.0,0.0,0.0,8.0,BB1809
2018-05-25,146.0,146.0,146.0,146.0,0.0,0.0,8.0,BB1809
2018-05-28,138.75,152.35,138.75,144.25,24.0,1743300.0,6.0,BB1809
2018-05-29,151.95,151.95,139.05,139.05,8.0,578800.0,6.0,BB1809
2018-05-30,139.05,139.05,139.05,143.95,0.0,0.0,6.0,BB1809
2018-05-31,143.95,143.95,143.95,143.45,0.0,0.0,6.0,BB1809
2018-06-01,143.45,143.45,143.45,143.45,0.0,0.0,6.0,BB1809
2018-06-04,143.45,143.45,143.45,143.45,0.0,0.0,6.0,BB1809
2018-06-05,143.45,143.45,143.45,143.45,0.0,0.0,6.0,BB1809
2018-06-06,136.9,143.0,136.9,143.0,10.0,697000.0,6.0,BB1809
2018-06-07,143.0,143.0,143.0,139.4,0.0,0.0,6.0,BB1809
2018-06-08,139.4,139.4,139.4,139.4,0.0,0.0,6.0,BB1809
2018-06-11,139.4,139.4,139.4,139.4,0.0,0.0,6.0,BB1809
2018-06-12,139.4,139.4,139.4,139.4,0.0,0.0,6.0,BB1809
2018-06-13,139.4,139.4,139.4,139.4,0.0,0.0,6.0,BB1809
2018-06-14,139.4,139.4,139.4,139.4,0.0,0.0,6.0,BB1809
2018-06-15,139.4,139.4,139.4,139.4,0.0,0.0,6.0,BB1809
2018-06-19,139.4,139.4,139.4,139.4,0.0,0.0,6.0,BB1809
2018-06-20,139.4,139.4,139.4,139.4,0.0,0.0,6.0,BB1809
2018-06-21,132.5,146.35,132.5,141.5,56.0,3953800.0,10.0,BB1809
2018-06-22,144.95,146.2,139.3,144.45,58.0,4165800.0,18.0,BB1809
2018-06-25,140.85,144.95,140.8,144.95,12.0,849000.0,12.0,BB1809
2018-06-26,142.3,145.4,141.8,143.95,24.0,1720200.0,10.0,BB1809
2018-06-27,142.1,144.95,142.1,144.95,4.0,287000.0,8.0,BB1809
2018-06-28,144.95,144.95,144.95,143.5,0.0,0.0,8.0,BB1809
2018-06-29,145.05,145.05,145.05,145.05,2.0,145000.0,10.0,BB1809
2018-07-02,142.5,144.85,142.5,144.85,4.0,287400.0,10.0,BB1809
2018-07-03,144.95,144.95,142.55,142.55,6.0,430200.0,10.0,BB1809
2018-07-04,142.55,142.55,142.55,143.4,0.0,0.0,10.0,BB1809
2018-07-05,142.6,144.75,142.45,142.45,16.0,1148400.0,10.0,BB1809
2018-07-06,142.75,143.75,142.65,142.65,6.0,429200.0,10.0,BB1809
2018-07-09,142.65,142.65,142.65,143.05,0.0,0.0,10.0,BB1809
2018-07-10,144.15,144.15,144.15,144.15,2.0,144200.0,8.0,BB1809
2018-07-11,142.95,143.8,142.95,143.8,6.0,430500.0,8.0,BB1809
2018-07-12,142.8,144.35,142.8,144.35,4.0,287200.0,8.0,BB1809
2018-07-13,142.9,144.35,142.9,144.25,12.0,862800.0,8.0,BB1809
2018-07-16,144.25,144.25,144.25,143.8,0.0,0.0,8.0,BB1809
2018-07-17,143.8,143.8,143.8,143.8,0.0,0.0,8.0,BB1809
2018-07-18,143.8,143.8,143.8,143.8,0.0,0.0,8.0,BB1809
2018-07-19,143.8,143.8,143.8,143.8,0.0,0.0,8.0,BB1809
2018-07-20,143.8,143.8,143.8,143.8,0.0,0.0,8.0,BB1809
2018-07-23,143.8,143.8,143.8,144.05,0.0,0.0,8.0,BB1809
2018-07-24,144.05,144.05,144.05,144.05,0.0,0.0,8.0,BB1809
2018-07-25,148.15,148.15,143.4,147.0,12.0,872400.0,8.0,BB1809
2018-07-26,147.0,147.0,147.0,145.4,0.0,0.0,8.0,BB1809
2018-07-27,144.1,144.1,144.1,144.1,2.0,144100.0,6.0,BB1809
2018-07-30,144.1,144.1,144.1,144.1,0.0,0.0,6.0,BB1809
2018-07-31,144.15,145.3,144.15,145.3,8.0,578900.0,6.0,BB1809
2018-08-01,147.6,147.6,145.25,145.25,6.0,438600.0,8.0,BB1809
2018-08-02,144.25,144.25,144.25,144.25,2.0,144200.0,6.0,BB1809
2018-08-03,144.25,147.1,144.25,144.45,10.0,727300.0,8.0,BB1809
2018-08-06,146.95,146.95,146.95,146.95,2.0,147000.0,8.0,BB1809
2018-08-07,149.15,149.15,145.55,146.65,6.0,441400.0,8.0,BB1809
2018-08-08,146.65,146.65,146.65,147.1,0.0,0.0,8.0,BB1809
2018-08-09,145.1,146.5,145.1,146.5,4.0,291600.0,8.0,BB1809
2018-08-10,146.5,146.5,146.5,146.6,0.0,0.0,8.0,BB1809
2018-08-13,149.1,149.1,146.75,146.75,6.0,444700.0,6.0,BB1809
2018-08-14,145.75,149.9,145.75,145.85,8.0,590800.0,6.0,BB1809
2018-08-15,145.85,145.85,145.85,147.7,0.0,0.0,6.0,BB1809
2018-08-16,146.65,154.75,146.35,152.3,16.0,1209800.0,10.0,BB1809
2018-08-17,155.7,155.7,155.55,155.55,8.0,622400.0,4.0,BB1809
2018-08-20,156.05,162.55,156.05,162.55,8.0,637200.0,4.0,BB1809
2018-08-21,162.0,167.0,151.75,159.1,36.0,2927200.0,12.0,BB1809
2018-08-22,168.95,168.95,159.75,161.3,16.0,1314400.0,6.0,BB1809
2018-08-23,161.3,161.3,161.3,164.25,0.0,0.0,6.0,BB1809
2018-08-24,164.25,164.25,164.25,164.25,0.0,0.0,6.0,BB1809
2018-08-27,164.25,164.25,164.25,164.25,0.0,0.0,6.0,BB1809
2018-08-28,164.25,164.25,164.25,164.25,0.0,0.0,6.0,BB1809
2018-08-29,164.25,164.25,164.25,164.3,0.0,0.0,6.0,BB1809
2018-08-30,162.4,171.3,162.4,171.3,4.0,333700.0,6.0,BB1809
2018-08-31,160.75,174.85,160.75,166.0,10.0,828400.0,6.0,BB1809
2018-09-03,166.0,166.0,166.0,165.65,0.0,0.0,6.0,BB1809
2018-09-04,165.65,165.65,165.65,165.65,0.0,0.0,6.0,BB1809
2018-09-05,165.65,165.65,165.65,165.65,0.0,0.0,6.0,BB1809
2018-09-06,165.65,165.65,165.65,165.65,0.0,0.0,6.0,BB1809
2018-09-07,165.65,165.65,165.65,165.65,0.0,0.0,6.0,BB1809
2018-09-10,165.65,165.65,165.65,175.55,0.0,0.0,6.0,BB1809
2018-09-11,175.55,175.55,175.55,191.3,0.0,0.0,6.0,BB1809
2018-09-12,191.3,191.3,191.3,212.0,0.0,0.0,6.0,BB1809
2018-09-13,212.0,212.0,212.0,212.0,0.0,0.0,6.0,BB1809
2018-09-14,144.0,144.0,144.0,143.95,0.0,0.0,4.0,BB1903
2018-09-17,143.95,143.95,143.95,143.95,0.0,0.0,4.0,BB1903
2018-09-18,143.95,143.95,143.95,143.95,0.0,0.0,4.0,BB1903
2018-09-19,148.0,148.0,148.0,149.45,0.0,0.0,4.0,BB1810
2018-09-20,149.45,149.45,149.45,149.45,0.0,0.0,4.0,BB1810
2018-09-21,147.55,156.6,147.55,150.1,32.0,2418400.0,4.0,BB1810
2018-09-25,151.95,155.8,151.65,151.7,8.0,611100.0,6.0,BB1810
2018-09-26,152.0,152.0,152.0,152.0,2.0,152000.0,4.0,BB1810
2018-09-27,157.3,157.3,157.3,157.3,4.0,314600.0,6.0,BB1810
2018-09-28,162.85,162.85,149.45,149.45,12.0,926800.0,4.0,BB1810
2018-10-08,149.45,149.45,149.45,142.1,0.0,0.0,4.0,BB1810
2018-10-09,142.1,142.1,142.1,127.9,0.0,0.0,4.0,BB1810
2018-10-10,127.9,127.9,127.9,115.15,0.0,0.0,4.0,BB1810
2018-10-11,103.65,103.65,103.65,103.65,2.0,103600.0,4.0,BB1810
2018-10-12,95.45,95.45,95.45,95.45,2.0,95400.0,4.0,BB1810
2018-10-15,96.0,96.0,96.0,96.0,2.0,96000.0,4.0,BB1810
2018-10-16,96.0,96.0,96.0,96.0,0.0,0.0,4.0,BB1810
2018-10-17,96.0,96.0,96.0,96.0,0.0,0.0,4.0,BB1810
2018-10-18,96.0,96.0,96.0,96.0,0.0,0.0,4.0,BB1810
2018-10-19,141.6,141.6,141.6,141.6,0.0,0.0,4.0,BB1903
2018-10-22,141.6,141.6,141.6,141.6,0.0,0.0,4.0,BB1903
2018-10-23,141.6,141.6,141.6,141.6,0.0,0.0,4.0,BB1903
2018-10-24,141.6,141.6,141.6,141.6,0.0,0.0,4.0,BB1903
2018-10-25,141.6,141.6,141.6,141.6,0.0,0.0,4.0,BB1903
2018-10-26,141.6,141.6,141.6,141.6,0.0,0.0,4.0,BB1903
2018-10-29,141.6,141.6,141.6,141.6,0.0,0.0,4.0,BB1903
2018-10-30,141.6,141.6,141.6,141.6,0.0,0.0,4.0,BB1903
2018-10-31,141.6,141.6,141.6,141.6,0.0,0.0,4.0,BB1903
2018-11-01,141.6,141.6,141.6,141.6,0.0,0.0,4.0,BB1903
2018-11-02,141.6,141.6,141.6,141.6,0.0,0.0,4.0,BB1903
2018-11-05,141.6,141.6,141.6,141.6,0.0,0.0,4.0,BB1903
2018-11-06,141.6,141.6,141.6,141.6,0.0,0.0,4.0,BB1903
2018-11-07,141.6,141.6,141.6,141.6,0.0,0.0,4.0,BB1903
2018-11-08,141.6,141.6,141.6,141.6,0.0,0.0,4.0,BB1903
2018-11-09,141.6,141.6,141.6,141.6,0.0,0.0,4.0,BB1903
2018-11-12,141.6,141.6,141.6,141.6,0.0,0.0,4.0,BB1903
2018-11-13,141.6,141.6,141.6,141.6,0.0,0.0,4.0,BB1903
2018-11-14,134.55,134.55,134.55,134.55,4.0,269100.0,4.0,BB1903
2018-11-15,134.55,134.55,134.55,134.55,0.0,0.0,4.0,BB1903
2018-11-16,134.55,134.55,134.55,134.55,0.0,0.0,4.0,BB1903
2018-11-19,134.55,134.55,134.55,134.55,0.0,0.0,4.0,BB1903
2018-11-20,134.55,134.55,134.55,134.55,0.0,0.0,4.0,BB1903
2018-11-21,127.85,139.95,127.85,135.95,12.0,800800.0,4.0,BB1903
2018-11-22,131.4,131.4,126.8,126.8,8.0,511800.0,6.0,BB1903
2018-11-23,126.8,126.8,126.8,127.95,0.0,0.0,6.0,BB1903
2018-11-26,128.95,130.95,121.6,128.0,10.0,640400.0,2.0,BB1903
2018-11-27,134.45,134.45,125.0,130.0,6.0,389400.0,2.0,BB1903
2018-11-28,130.0,130.0,130.0,129.8,0.0,0.0,2.0,BB1903
2018-11-29,136.25,136.25,132.1,132.1,10.0,676900.0,6.0,BB1903
2018-11-30,130.85,140.95,128.7,137.05,18.0,1216200.0,10.0,BB1903
2018-12-03,139.8,141.85,139.8,141.05,16.0,1130000.0,6.0,BB1903
2018-12-04,134.55,147.35,134.55,144.65,28.0,1968200.0,6.0,BB1903
2018-12-05,140.05,145.75,139.3,145.2,12.0,854200.0,6.0,BB1903
2018-12-06,145.2,145.2,145.2,142.35,0.0,0.0,6.0,BB1903
2018-12-07,144.35,149.45,143.55,145.35,14.0,1021600.0,2.0,BB1903
2018-12-10,145.4,145.4,140.15,143.8,8.0,573000.0,6.0,BB1903
2018-12-11,144.95,144.95,136.05,142.95,14.0,986900.0,4.0,BB1903
2018-12-12,142.95,142.95,142.95,140.95,0.0,0.0,4.0,BB1903
2018-12-13,134.4,142.55,134.4,142.55,4.0,277000.0,4.0,BB1903
2018-12-14,142.55,142.55,142.55,138.45,0.0,0.0,4.0,BB1903
2018-12-17,145.35,145.35,136.05,140.7,22.0,1552900.0,4.0,BB1903
2018-12-18,139.05,139.05,139.0,139.0,4.0,278000.0,4.0,BB1903
2018-12-19,139.0,139.0,139.0,139.0,0.0,0.0,4.0,BB1903
2018-12-20,139.0,139.0,139.0,139.0,0.0,0.0,4.0,BB1903
2018-12-21,139.0,139.0,139.0,139.0,0.0,0.0,4.0,BB1903
2018-12-24,139.0,139.0,139.0,139.0,0.0,0.0,4.0,BB1903
2018-12-25,134.6,144.55,134.6,134.65,8.0,557800.0,4.0,BB1903
2018-12-26,132.65,134.35,132.5,132.5,10.0,667800.0,8.0,BB1903
2018-12-27,127.2,137.6,127.15,130.05,32.0,2116200.0,6.0,BB1903
2018-12-28,137.6,137.6,127.05,129.35,12.0,791200.0,6.0,BB1903
2019-01-02,134.75,134.75,134.75,134.75,2.0,134800.0,6.0,BB1903
2019-01-03,134.75,134.75,134.75,134.75,0.0,0.0,6.0,BB1903
2019-01-04,134.75,134.75,134.75,134.75,0.0,0.0,6.0,BB1903
2019-01-07,128.35,140.95,128.35,136.85,6.0,406200.0,6.0,BB1903
2019-01-08,128.85,142.05,128.85,139.25,22.0,1541400.0,14.0,BB1903
2019-01-09,141.1,142.05,134.05,138.7,64.0,4379400.0,10.0,BB1903
2019-01-10,137.55,141.25,137.3,141.25,10.0,690800.0,8.0,BB1903
2019-01-11,141.25,141.25,141.25,138.15,0.0,0.0,8.0,BB1903
2019-01-14,138.25,140.0,138.25,140.0,6.0,416500.0,8.0,BB1903
2019-01-15,144.85,144.85,144.85,144.85,2.0,144800.0,8.0,BB1903
2019-01-16,144.85,144.85,144.85,144.85,0.0,0.0,8.0,BB1903
2019-01-17,144.85,144.85,144.85,144.85,0.0,0.0,8.0,BB1903
2019-01-18,142.25,142.25,140.3,140.3,4.0,282600.0,6.0,BB1903
2019-01-21,140.3,140.3,140.3,141.25,0.0,0.0,6.0,BB1903
2019-01-22,141.25,141.25,141.25,141.25,0.0,0.0,6.0,BB1903
2019-01-23,147.95,147.95,140.0,140.4,14.0,999500.0,8.0,BB1903
2019-01-24,143.6,143.6,143.6,143.6,2.0,143600.0,8.0,BB1903
2019-01-25,143.95,143.95,136.85,140.8,26.0,1816400.0,6.0,BB1903
2019-01-28,143.6,143.65,134.7,141.35,20.0,1396200.0,6.0,BB1903
2019-01-29,141.35,141.35,141.35,139.6,0.0,0.0,6.0,BB1903
2019-01-30,139.6,139.6,139.6,139.6,0.0,0.0,6.0,BB1903
2019-01-31,139.6,139.6,139.6,139.6,0.0,0.0,6.0,BB1903
2019-02-01,139.6,139.6,139.6,139.6,0.0,0.0,6.0,BB1903
2019-02-11,142.5,142.5,142.5,142.5,2.0,142500.0,6.0,BB1903
2019-02-12,142.5,142.5,142.5,135.85,0.0,0.0,6.0,BB1903
2019-02-13,142.3,142.3,132.35,132.35,4.0,274600.0,6.0,BB1903
2019-02-14,137.0,143.3,131.7,131.7,12.0,840700.0,10.0,BB1903
2019-02-15,131.7,131.7,131.7,140.1,0.0,0.0,10.0,BB1903
2019-02-18,143.1,143.1,143.1,143.1,2.0,143100.0,10.0,BB1903
2019-02-19,143.1,143.1,143.1,143.1,0.0,0.0,10.0,BB1903
2019-02-20,145.85,148.45,142.2,142.2,6.0,436500.0,8.0,BB1903
2019-02-21,149.4,149.4,138.25,146.6,14.0,1006000.0,8.0,BB1903
2019-02-22,150.85,150.85,136.55,142.85,58.0,4123600.0,10.0,BB1903
2019-02-25,140.05,144.95,140.05,144.95,6.0,430000.0,6.0,BB1903
2019-02-26,149.9,149.9,149.9,149.9,2.0,149900.0,4.0,BB1903
2019-02-27,157.35,157.35,142.45,154.4,10.0,750200.0,2.0,BB1903
2019-02-28,157.5,157.5,157.5,157.5,2.0,157500.0,0.0,BB1903
2019-03-01,157.5,157.5,157.5,157.5,0.0,0.0,0.0,BB1903
2019-03-04,151.55,151.55,151.55,151.55,0.0,0.0,2.0,BB1904
2019-03-05,151.55,151.55,151.55,151.55,0.0,0.0,2.0,BB1904
2019-03-06,147.05,159.1,147.05,159.1,6.0,461200.0,4.0,BB1904
2019-03-07,148.0,160.95,148.0,153.9,10.0,772800.0,6.0,BB1904
2019-03-08,150.15,156.9,150.15,156.9,4.0,307000.0,6.0,BB1904
2019-03-11,157.55,157.65,157.55,157.65,6.0,472800.0,4.0,BB1904
2019-03-12,157.65,157.65,157.65,157.55,0.0,0.0,4.0,BB1904
2019-03-13,157.55,157.55,157.55,157.55,0.0,0.0,4.0,BB1904
2019-03-14,157.55,157.55,157.55,157.55,0.0,0.0,4.0,BB1904
2019-03-15,157.55,157.55,157.55,157.55,2.0,157600.0,2.0,BB1904
2019-03-18,157.55,157.55,157.55,157.55,0.0,0.0,2.0,BB1904
2019-03-19,157.55,157.55,157.55,157.55,0.0,0.0,2.0,BB1904
2019-03-20,161.4,161.4,146.6,146.6,4.0,308000.0,4.0,BB1910
2019-03-21,161.65,161.65,147.5,154.25,30.0,2321900.0,16.0,BB1910
2019-03-22,160.55,160.55,155.05,158.4,8.0,629000.0,16.0,BB1910
2019-03-25,155.0,155.0,155.0,155.0,2.0,155000.0,16.0,BB1910
2019-03-26,160.45,160.45,158.0,158.0,4.0,318400.0,16.0,BB1910
2019-03-27,158.0,158.0,158.0,159.2,0.0,0.0,16.0,BB1910
2019-03-28,159.2,159.2,159.2,159.2,0.0,0.0,16.0,BB1910
2019-03-29,158.5,158.5,152.05,155.8,24.0,1872000.0,12.0,BB1910
2019-04-01,153.05,153.05,153.0,153.0,6.0,459100.0,12.0,BB1910
2019-04-02,154.0,154.0,152.45,152.45,4.0,306400.0,12.0,BB1910
2019-04-03,154.85,154.85,154.85,154.85,2.0,154800.0,10.0,BB1910
2019-04-04,154.85,154.85,154.85,154.85,0.0,0.0,10.0,BB1910
2019-04-08,154.85,154.85,154.85,154.85,0.0,0.0,10.0,BB1910
2019-04-09,154.85,154.85,154.85,154.85,0.0,0.0,10.0,BB1910
2019-04-10,154.85,154.85,154.85,154.85,0.0,0.0,10.0,BB1910
2019-04-11,154.85,154.85,154.85,154.85,0.0,0.0,10.0,BB1910
2019-04-12,152.35,154.4,152.35,154.4,4.0,306800.0,10.0,BB1910
2019-04-15,154.4,154.4,154.4,153.35,0.0,0.0,10.0,BB1910
2019-04-16,153.35,153.35,153.35,153.35,0.0,0.0,10.0,BB1910
2019-04-17,153.35,153.35,153.35,153.35,0.0,0.0,10.0,BB1910
2019-04-18,153.35,153.35,153.35,153.35,0.0,0.0,10.0,BB1910
2019-04-19,153.35,153.35,153.35,153.35,0.0,0.0,10.0,BB1910
2019-04-22,153.35,153.35,153.35,153.35,0.0,0.0,10.0,BB1910
2019-04-23,153.35,153.35,153.35,152.95,0.0,0.0,10.0,BB1910
2019-04-24,152.95,152.95,152.95,152.6,0.0,0.0,10.0,BB1910
2019-04-25,152.6,152.6,152.6,152.6,0.0,0.0,10.0,BB1910
2019-04-26,153.0,153.0,150.6,150.6,12.0,908600.0,10.0,BB1910
2019-04-29,150.6,150.6,150.6,151.4,0.0,0.0,10.0,BB1910
2019-04-30,151.4,151.4,151.4,151.4,0.0,0.0,10.0,BB1910
2019-05-06,151.4,151.4,151.4,151.4,0.0,0.0,10.0,BB1910
2019-05-07,151.4,151.4,151.4,151.4,0.0,0.0,10.0,BB1910
2019-05-08,151.4,151.4,151.4,151.4,0.0,0.0,10.0,BB1910
2019-05-09,151.4,151.4,151.4,151.4,0.0,0.0,10.0,BB1910
2019-05-10,151.4,151.4,151.4,151.4,0.0,0.0,10.0,BB1910
2019-05-13,151.4,151.4,151.4,151.4,0.0,0.0,10.0,BB1910
2019-05-14,151.4,151.4,151.4,151.4,0.0,0.0,10.0,BB1910
2019-05-15,151.4,151.4,151.4,151.4,0.0,0.0,10.0,BB1910
2019-05-16,151.4,151.4,151.4,151.4,0.0,0.0,10.0,BB1910
2019-05-17,151.4,151.4,151.4,151.4,0.0,0.0,10.0,BB1910
2019-05-20,151.4,151.4,151.4,151.4,0.0,0.0,10.0,BB1910
2019-05-21,151.4,151.4,151.4,151.4,0.0,0.0,10.0,BB1910
2019-05-22,144.65,151.3,144.6,151.3,22.0,1636100.0,4.0,BB1910
2019-05-23,151.3,151.3,151.3,148.7,0.0,0.0,4.0,BB1910
2019-05-24,148.7,148.7,148.7,148.7,0.0,0.0,4.0,BB1910
2019-05-27,148.7,148.7,148.7,148.7,0.0,0.0,4.0,BB1910
2019-05-28,155.5,156.05,144.85,152.7,18.0,1349700.0,4.0,BB1910
2019-05-29,152.7,152.7,152.7,149.95,0.0,0.0,4.0,BB1910
2019-05-30,149.95,149.95,149.95,149.95,0.0,0.0,4.0,BB1910
2019-05-31,149.95,149.95,149.95,149.95,0.0,0.0,4.0,BB1910
2019-06-03,149.95,149.95,149.95,149.95,0.0,0.0,4.0,BB1910
2019-06-04,149.95,149.95,149.95,149.95,0.0,0.0,4.0,BB1910
2019-06-05,149.95,149.95,149.95,149.95,0.0,0.0,4.0,BB1910
2019-06-06,149.95,149.95,149.95,149.95,0.0,0.0,4.0,BB1910
2019-06-10,149.95,149.95,149.95,149.95,0.0,0.0,4.0,BB1910
2019-06-11,149.95,149.95,149.95,149.95,0.0,0.0,4.0,BB1910
2019-06-12,149.95,149.95,149.95,150.2,0.0,0.0,4.0,BB1910
2019-06-13,150.2,150.2,150.2,150.2,0.0,0.0,4.0,BB1910
2019-06-14,150.2,150.2,150.2,150.2,0.0,0.0,4.0,BB1910
2019-06-17,146.45,156.5,142.8,155.85,18.0,1363800.0,4.0,BB1910
2019-06-18,155.85,155.85,155.85,151.5,0.0,0.0,4.0,BB1910
2019-06-19,151.5,151.5,151.5,151.5,0.0,0.0,4.0,BB1910
2019-06-20,151.5,151.5,151.5,151.5,0.0,0.0,4.0,BB1910
2019-06-21,151.5,151.5,151.5,151.5,0.0,0.0,4.0,BB1910
2019-06-24,157.95,157.95,153.15,153.15,4.0,311100.0,4.0,BB1910
2019-06-25,153.15,153.15,153.15,155.55,0.0,0.0,4.0,BB1910
2019-06-26,155.55,155.55,155.55,155.55,0.0,0.0,4.0,BB1910
2019-06-27,155.55,155.55,155.55,155.55,0.0,0.0,4.0,BB1910
2019-06-28,155.55,155.55,155.55,155.55,0.0,0.0,4.0,BB1910
2019-07-01,154.65,154.65,154.65,154.65,2.0,154600.0,2.0,BB1910
2019-07-02,154.65,154.65,154.65,154.65,0.0,0.0,2.0,BB1910
2019-07-03,154.65,154.65,154.65,154.65,0.0,0.0,2.0,BB1910
2019-07-04,154.65,154.65,154.65,154.65,0.0,0.0,2.0,BB1910
2019-07-05,154.65,154.65,154.65,152.0,0.0,0.0,2.0,BB1910
2019-07-08,152.0,152.0,152.0,152.0,0.0,0.0,2.0,BB1910
2019-07-09,152.0,152.0,152.0,152.0,0.0,0.0,2.0,BB1910
2019-07-10,152.0,152.0,152.0,152.0,0.0,0.0,2.0,BB1910
2019-07-11,152.0,152.0,152.0,152.0,0.0,0.0,2.0,BB1910
2019-07-12,145.95,159.0,145.95,159.0,4.0,305000.0,2.0,BB1910
2019-07-15,159.0,159.0,159.0,153.7,0.0,0.0,2.0,BB1910
2019-07-16,153.7,153.7,153.7,153.7,0.0,0.0,2.0,BB1910
2019-07-17,156.55,156.55,156.55,156.55,2.0,156600.0,2.0,BB1910
2019-07-18,156.55,156.55,156.55,156.55,0.0,0.0,2.0,BB1910
2019-07-19,156.55,156.55,156.55,156.55,0.0,0.0,2.0,BB1910
2019-07-22,156.55,156.55,156.55,156.55,0.0,0.0,2.0,BB1910
2019-07-23,156.55,156.55,156.55,153.0,0.0,0.0,2.0,BB1910
2019-07-24,153.0,153.0,153.0,153.0,0.0,0.0,2.0,BB1910
2019-07-25,153.0,153.0,153.0,153.0,0.0,0.0,2.0,BB1910
2019-07-26,153.0,153.0,153.0,153.0,0.0,0.0,2.0,BB1910
2019-07-29,153.0,153.0,153.0,153.0,0.0,0.0,2.0,BB1910
2019-07-30,153.0,153.0,153.0,153.0,0.0,0.0,2.0,BB1910
2019-07-31,153.0,153.0,153.0,153.0,0.0,0.0,2.0,BB1910
2019-08-01,153.0,153.0,153.0,153.0,0.0,0.0,2.0,BB1910
2019-08-02,150.0,158.05,146.2,146.2,6.0,454200.0,2.0,BB1910
2019-08-05,158.85,158.85,147.45,154.0,8.0,608300.0,0.0,BB1910
2019-08-06,154.0,154.0,154.0,152.05,0.0,0.0,0.0,BB1910
2019-08-07,182.0,182.0,182.0,182.0,0.0,0.0,0.0,BB1908
2019-08-08,182.0,182.0,182.0,182.0,0.0,0.0,0.0,BB1908
2019-08-09,182.0,182.0,182.0,182.0,0.0,0.0,0.0,BB1908
2019-08-12,182.0,182.0,182.0,182.0,0.0,0.0,0.0,BB1908
2019-08-13,182.0,182.0,182.0,182.0,0.0,0.0,0.0,BB1908
2019-08-14,155.05,155.05,155.05,155.05,0.0,0.0,0.0,BB1909
2019-08-15,155.05,155.05,155.05,155.05,0.0,0.0,0.0,BB1909
2019-08-16,156.2,156.2,156.2,156.2,0.0,0.0,2.0,BB1910
2019-08-19,156.2,156.2,156.2,156.2,0.0,0.0,2.0,BB1910
2019-08-20,156.2,156.2,156.2,156.2,0.0,0.0,2.0,BB1910
2019-08-21,156.2,156.2,156.2,156.2,0.0,0.0,2.0,BB1910
2019-08-22,156.2,156.2,156.2,156.2,0.0,0.0,2.0,BB1910
2019-08-23,156.2,156.2,156.2,156.2,0.0,0.0,2.0,BB1910
2019-08-26,162.6,162.6,153.15,153.15,14.0,1110000.0,2.0,BB1910
2019-08-27,158.55,158.55,158.55,158.55,0.0,0.0,2.0,BB1910
2019-08-28,158.55,158.55,158.55,158.55,0.0,0.0,2.0,BB1910
2019-08-29,158.55,158.55,158.55,158.55,0.0,0.0,2.0,BB1910
2019-08-30,158.55,158.55,158.55,158.55,0.0,0.0,2.0,BB1910
2019-09-02,153.55,158.55,153.55,158.55,4.0,312100.0,2.0,BB1910
2019-09-03,156.05,156.05,156.05,156.05,0.0,0.0,2.0,BB1910
2019-09-04,156.05,156.05,156.05,156.05,0.0,0.0,2.0,BB1910
2019-09-05,156.05,156.05,156.05,156.05,0.0,0.0,2.0,BB1910
2019-09-06,153.8,163.85,153.8,156.65,46.0,3702800.0,4.0,BB1910
2019-09-09,160.95,160.95,160.95,160.95,0.0,0.0,4.0,BB1910
2019-09-10,159.0,159.0,159.0,159.0,2.0,159000.0,2.0,BB1910
2019-09-11,159.0,159.0,159.0,159.0,0.0,0.0,2.0,BB1910
2019-09-12,162.7,162.7,162.7,162.7,2.0,162700.0,0.0,BB1910
2019-09-16,162.7,162.7,162.7,162.7,0.0,0.0,0.0,BB1910
2019-09-17,162.7,162.7,162.7,162.7,0.0,0.0,0.0,BB1910
2019-09-18,162.7,162.7,162.7,162.7,0.0,0.0,0.0,BB1910
2019-09-19,162.7,162.7,162.7,162.7,0.0,0.0,0.0,BB1910
2019-09-20,162.7,162.7,162.7,162.7,0.0,0.0,0.0,BB1910
2019-09-23,162.7,162.7,162.7,162.7,0.0,0.0,0.0,BB1910
2019-09-24,162.7,162.7,162.7,162.7,0.0,0.0,0.0,BB1910
2019-09-25,165.1,170.75,159.3,169.95,50.0,4156400.0,6.0,BB1910
2019-09-26,166.25,166.25,166.25,169.9,0.0,0.0,6.0,BB1910
2019-09-27,171.15,178.35,161.45,178.35,14.0,1196600.0,4.0,BB1910
2019-09-30,157.3,184.55,157.3,184.55,20.0,1798000.0,0.0,BB1910
2019-10-08,179.75,179.75,179.75,179.75,0.0,0.0,0.0,BB1910
2019-10-09,179.75,179.75,179.75,179.75,0.0,0.0,0.0,BB1910
2019-10-10,179.75,179.75,179.75,179.75,0.0,0.0,0.0,BB1910
2019-10-11,179.75,179.75,179.75,179.75,0.0,0.0,0.0,BB1910
2019-10-14,179.75,179.75,179.75,179.75,0.0,0.0,0.0,BB1910
2019-10-15,179.75,179.75,179.75,179.75,0.0,0.0,0.0,BB1910
2019-10-16,179.75,179.75,179.75,179.75,0.0,0.0,0.0,BB1910
2019-10-17,179.75,179.75,179.75,179.75,0.0,0.0,0.0,BB1910
2019-10-18,179.75,179.75,179.75,179.75,0.0,0.0,0.0,BB1910
2019-10-21,185.35,185.35,185.35,185.35,0.0,0.0,0.0,BB1911
2019-10-22,185.35,185.35,185.35,185.35,0.0,0.0,0.0,BB1911
2019-10-23,185.35,185.35,185.35,185.35,0.0,0.0,0.0,BB1911
2019-10-24,185.35,185.35,185.35,185.35,0.0,0.0,0.0,BB1911
2019-10-25,185.35,185.35,185.35,185.35,0.0,0.0,0.0,BB1911
2019-10-28,185.35,185.35,185.35,185.35,0.0,0.0,0.0,BB1911
2019-10-29,185.35,185.35,185.35,185.35,0.0,0.0,0.0,BB1911
2019-10-30,185.35,185.35,185.35,185.35,0.0,0.0,0.0,BB1911
2019-10-31,185.35,185.35,185.35,185.35,0.0,0.0,0.0,BB1911
2019-11-01,185.35,185.35,185.35,185.35,0.0,0.0,0.0,BB1911
2019-11-04,185.35,185.35,185.35,185.35,0.0,0.0,0.0,BB1911
2019-11-05,185.35,185.35,185.35,185.35,0.0,0.0,0.0,BB1911
2019-11-06,185.35,185.35,185.35,185.35,0.0,0.0,0.0,BB1911
2019-11-07,185.35,185.35,185.35,185.35,0.0,0.0,0.0,BB1911
2019-11-08,185.35,185.35,185.35,185.35,0.0,0.0,0.0,BB1911
2019-11-11,185.35,185.35,185.35,185.35,0.0,0.0,0.0,BB1911
2019-11-12,185.35,185.35,185.35,185.35,0.0,0.0,0.0,BB1911
2019-11-13,185.35,185.35,185.35,185.35,0.0,0.0,0.0,BB1911
2019-11-14,166.7,166.7,166.7,166.7,0.0,0.0,0.0,BB1912
2019-11-15,166.7,166.7,166.7,166.7,0.0,0.0,0.0,BB1912
2019-11-18,166.7,166.7,166.7,166.7,0.0,0.0,0.0,BB1912
2019-11-19,166.7,166.7,166.7,166.7,0.0,0.0,0.0,BB1912
2019-11-20,166.7,166.7,166.7,166.7,0.0,0.0,0.0,BB1912
2019-11-21,166.7,166.7,166.7,166.7,0.0,0.0,0.0,BB1912
2019-11-22,166.7,166.7,166.7,166.7,0.0,0.0,0.0,BB1912
2019-11-25,166.7,166.7,166.7,166.7,0.0,0.0,0.0,BB1912
2019-11-26,166.7,166.7,166.7,166.7,0.0,0.0,0.0,BB1912
2019-11-27,166.7,166.7,166.7,166.7,0.0,0.0,0.0,BB1912
2019-11-28,166.7,166.7,166.7,166.7,0.0,0.0,0.0,BB1912
2019-11-29,166.7,166.7,166.7,166.7,0.0,0.0,0.0,BB1912
2019-12-02,166.7,166.7,166.7,166.7,0.0,0.0,0.0,BB1912
2019-12-03,166.7,166.7,166.7,166.7,0.0,0.0,0.0,BB1912
2019-12-04,166.7,166.7,166.7,166.7,0.0,0.0,0.0,BB1912
2019-12-05,166.7,166.7,166.7,166.7,0.0,0.0,0.0,BB1912
2019-12-06,166.7,166.7,166.7,166.7,0.0,0.0,0.0,BB1912
2019-12-09,166.7,166.7,166.7,166.7,0.0,0.0,0.0,BB1912
2019-12-10,166.7,166.7,166.7,166.7,0.0,0.0,0.0,BB1912
2019-12-11,166.7,166.7,166.7,166.7,0.0,0.0,0.0,BB1912
2019-12-12,166.7,166.7,166.7,166.7,0.0,0.0,0.0,BB1912
2019-12-13,158.0,158.0,158.0,158.0,0.0,0.0,0.0,BB2001
2019-12-16,158.0,158.0,158.0,158.0,0.0,0.0,0.0,BB2001
2019-12-17,158.0,158.0,158.0,158.0,0.0,0.0,0.0,BB2001
2019-12-18,158.0,158.0,158.0,158.0,0.0,0.0,0.0,BB2001
2019-12-19,158.0,158.0,158.0,158.0,0.0,0.0,0.0,BB2001
2019-12-20,158.0,158.0,158.0,158.0,0.0,0.0,0.0,BB2001
2019-12-23,158.0,158.0,158.0,158.0,0.0,0.0,0.0,BB2001
2019-12-24,158.0,158.0,158.0,158.0,0.0,0.0,0.0,BB2001
2019-12-25,158.0,158.0,158.0,158.0,0.0,0.0,0.0,BB2001
2019-12-26,158.0,158.0,158.0,158.0,0.0,0.0,0.0,BB2001
2019-12-27,158.0,158.0,158.0,158.0,0.0,0.0,0.0,BB2001
2019-12-30,158.0,158.0,158.0,158.0,0.0,0.0,0.0,BB2001
2019-12-31,158.0,158.0,158.0,158.0,0.0,0.0,0.0,BB2001
2020-01-02,158.0,158.0,158.0,158.0,0.0,0.0,0.0,BB2001
2020-01-03,158.0,158.0,158.0,158.0,0.0,0.0,0.0,BB2001
2020-01-06,158.0,158.0,158.0,158.0,0.0,0.0,0.0,BB2001
2020-01-07,158.0,158.0,158.0,158.0,0.0,0.0,0.0,BB2001
2020-01-08,158.0,158.0,158.0,158.0,0.0,0.0,0.0,BB2001
2020-01-09,158.0,158.0,158.0,158.0,0.0,0.0,0.0,BB2001
2020-01-10,158.0,158.0,158.0,158.0,0.0,0.0,0.0,BB2001
2020-01-13,158.0,158.0,158.0,158.0,0.0,0.0,0.0,BB2001
2020-01-14,158.0,158.0,158.0,158.0,0.0,0.0,0.0,BB2001
2020-01-15,159.0,159.0,159.0,159.0,0.0,0.0,0.0,BB2002
2020-01-16,159.0,159.0,159.0,159.0,0.0,0.0,0.0,BB2002
2020-01-17,159.0,159.0,159.0,159.0,0.0,0.0,0.0,BB2002
2020-01-20,159.0,159.0,159.0,159.0,0.0,0.0,0.0,BB2002
2020-01-21,159.0,159.0,159.0,159.0,0.0,0.0,0.0,BB2002
2020-01-22,159.0,159.0,159.0,159.0,0.0,0.0,0.0,BB2002
2020-01-23,159.0,159.0,159.0,159.0,0.0,0.0,0.0,BB2002
2020-02-03,159.0,159.0,159.0,159.0,0.0,0.0,0.0,BB2002
2020-02-04,159.0,159.0,159.0,159.0,0.0,0.0,0.0,BB2002
2020-02-05,159.0,159.0,159.0,159.0,0.0,0.0,0.0,BB2002
2020-02-06,159.0,159.0,159.0,159.0,0.0,0.0,0.0,BB2002
2020-02-07,159.0,159.0,159.0,159.0,0.0,0.0,0.0,BB2002
2020-02-10,159.0,159.0,159.0,159.0,0.0,0.0,0.0,BB2002
2020-02-11,159.0,159.0,159.0,159.0,0.0,0.0,0.0,BB2002
2020-02-12,159.0,159.0,159.0,159.0,0.0,0.0,0.0,BB2002
2020-02-13,159.0,159.0,159.0,159.0,0.0,0.0,0.0,BB2002
2020-02-14,162.0,162.0,162.0,162.0,0.0,0.0,0.0,BB2003
2020-02-17,162.0,162.0,162.0,162.0,0.0,0.0,0.0,BB2003
2020-02-18,153.9,169.05,153.9,159.05,12.0,970400.0,4.0,BB2003
2020-02-19,165.55,165.55,165.5,165.5,3.0,248300.0,5.0,BB2003
2020-02-20,165.55,165.55,165.55,165.55,4.0,331100.0,2.0,BB2003
2020-02-21,172.55,173.8,172.55,173.8,2.0,173200.0,3.0,BB2003
2020-02-24,160.15,184.7,160.15,176.5,3.0,260700.0,3.0,BB2003
2020-02-25,176.5,181.15,168.05,168.05,7.0,622400.0,4.0,BB2003
2020-02-26,171.05,182.85,171.05,182.85,2.0,177000.0,4.0,BB2003
2020-02-27,180.05,180.05,168.15,173.0,17.0,1465200.0,4.0,BB2003
2020-02-28,164.7,180.85,164.7,180.75,7.0,609000.0,5.0,BB2003
2020-03-02,184.1,184.4,184.1,184.4,4.0,368500.0,1.0,BB2003
2020-03-03,184.4,184.4,184.4,200.8,0.0,0.0,1.0,BB2003
2020-03-04,200.8,200.8,200.8,222.85,0.0,0.0,1.0,BB2003
2020-03-05,247.3,247.3,247.3,247.3,1.0,123600.0,0.0,BB2003
2020-03-06,167.75,167.75,167.75,167.75,0.0,0.0,1.0,BB2004
2020-03-09,167.75,167.75,167.75,167.75,0.0,0.0,1.0,BB2004
2020-03-10,176.1,176.1,173.55,175.0,5.0,438400.0,3.0,BB2004
2020-03-11,184.05,184.1,175.05,184.1,13.0,1181300.0,8.0,BB2004
2020-03-12,189.95,189.95,181.7,181.7,9.0,836500.0,5.0,BB2004
2020-03-13,183.5,194.95,183.5,190.2,14.0,1321800.0,4.0,BB2004
2020-03-16,194.0,194.0,180.8,180.8,8.0,754200.0,7.0,BB2004
2020-03-17,188.65,190.8,184.05,185.05,9.0,845575.0,7.0,BB2004
2020-03-18,191.25,191.25,186.05,186.05,14.0,1329750.0,8.0,BB2004
2020-03-19,182.0,184.15,181.05,184.15,9.0,822375.0,10.0,BB2004
2020-03-20,183.0,186.85,173.65,173.65,19.0,1698475.0,7.0,BB2004
2020-03-23,164.45,165.0,164.45,164.45,6.0,493625.0,8.0,BB2004
2020-03-24,148.05,159.6,148.05,152.25,11.0,834700.0,8.0,BB2004
2020-03-25,148.95,159.3,148.95,159.3,15.0,1180975.0,10.0,BB2004
2020-03-26,169.5,170.0,169.5,170.0,8.0,679750.0,10.0,BB2004
2020-03-27,186.8,186.85,157.9,185.35,100.0,8834600.0,8.0,BB2004
2020-03-30,168.35,185.45,167.85,185.45,23.0,2046250.0,21.0,BB2004
2020-03-31,191.85,192.1,177.45,185.0,56.0,5334450.0,17.0,BB2004
2020-04-01,185.0,185.0,185.0,209.55,0.0,0.0,17.0,BB2004
2020-04-02,230.5,230.5,230.5,230.5,17.0,1959250.0,0.0,BB2004
2020-04-03,230.5,230.5,230.5,230.5,0.0,0.0,0.0,BB2004
2020-04-07,230.5,230.5,230.5,230.5,0.0,0.0,0.0,BB2004
2020-04-08,168.4,176.2,161.35,175.3,49.0,4241975.0,31.0,BB2005
2020-04-09,177.0,181.75,172.3,175.1,22.0,1934275.0,32.0,BB2005
2020-04-10,177.0,179.35,173.5,175.6,33.0,2903150.0,33.0,BB2005
2020-04-13,176.2,179.8,176.1,176.1,3.0,266050.0,32.0,BB2005
2020-04-14,175.1,175.5,175.05,175.3,10.0,876200.0,31.0,BB2005
2020-04-15,179.05,183.95,176.5,183.95,32.0,2906950.0,29.0,BB2005
2020-04-16,183.45,190.7,183.45,190.6,87.0,8221225.0,35.0,BB2005
2020-04-17,190.8,198.35,187.5,198.0,74.0,7223450.0,43.0,BB2005
2020-04-20,199.95,204.95,199.95,204.9,54.0,5505075.0,55.0,BB2005
2020-04-21,205.0,213.9,194.0,194.0,252.0,25757600.0,60.0,BB2005
2020-04-22,194.2,196.0,194.2,194.2,29.0,2818175.0,47.0,BB2005
2020-04-23,183.95,204.4,180.1,197.1,100.0,9766125.0,43.0,BB2005
2020-04-24,202.35,202.85,196.15,202.55,53.0,5314275.0,39.0,BB2005
2020-04-27,199.05,202.55,192.15,195.4,126.0,12460250.0,34.0,BB2005
2020-04-28,195.95,206.95,190.2,205.95,111.0,11188625.0,21.0,BB2005
2020-04-29,202.45,211.6,202.45,211.6,48.0,5034175.0,17.0,BB2005
2020-04-30,216.4,226.5,216.4,226.5,111.0,12413800.0,0.0,BB2005
2020-05-06,226.5,226.5,226.5,223.65,0.0,0.0,0.0,BB2005
2020-05-07,186.35,189.85,186.2,186.45,4.0,374425.0,3.0,BB2006
2020-05-08,186.45,186.45,186.45,187.2,0.0,0.0,3.0,BB2006
2020-05-11,185.05,185.05,185.05,185.05,2.0,185050.0,2.0,BB2006
2020-05-12,185.05,185.05,185.05,185.25,0.0,0.0,2.0,BB2006
2020-05-13,185.25,185.25,185.25,185.25,0.0,0.0,2.0,BB2006
2020-05-14,185.25,185.25,185.25,185.8,0.0,0.0,2.0,BB2006
2020-05-15,185.8,185.8,185.8,185.8,0.0,0.0,2.0,BB2006
2020-05-18,195.05,195.05,195.05,195.05,1.0,97525.0,2.0,BB2006
2020-05-19,189.45,189.45,189.45,189.45,1.0,94725.0,2.0,BB2006
2020-05-20,189.45,189.45,189.45,189.45,0.0,0.0,2.0,BB2006
2020-05-21,189.45,189.45,189.45,189.45,0.0,0.0,2.0,BB2006
2020-05-22,189.45,189.45,189.45,189.45,0.0,0.0,2.0,BB2006
2020-05-25,198.9,198.9,198.9,198.9,1.0,99450.0,2.0,BB2006
2020-05-26,198.9,198.9,198.9,198.9,0.0,0.0,2.0,BB2006
2020-05-27,189.0,208.8,189.0,208.8,6.0,614625.0,4.0,BB2006
2020-05-28,214.0,214.0,213.9,213.9,2.0,213950.0,3.0,BB2006
2020-05-29,224.6,224.6,214.2,214.2,4.0,444000.0,1.0,BB2006
2020-06-01,214.2,214.2,214.2,239.75,0.0,0.0,1.0,BB2006
2020-06-02,263.7,263.7,263.7,263.7,1.0,131850.0,0.0,BB2006
2020-06-03,263.7,263.7,263.7,263.7,0.0,0.0,0.0,BB2006
2020-06-04,185.9,185.9,185.9,183.15,0.0,0.0,2.0,BB2008
2020-06-05,183.15,183.15,183.15,183.15,0.0,0.0,2.0,BB2008
2020-06-08,183.15,183.15,183.15,183.15,0.0,0.0,2.0,BB2008
2020-06-09,183.15,183.15,183.15,183.15,0.0,0.0,2.0,BB2008
2020-06-10,183.15,183.15,183.15,183.15,0.0,0.0,2.0,BB2008
2020-06-11,183.15,183.15,183.15,183.15,0.0,0.0,2.0,BB2008
2020-06-12,183.15,183.15,183.15,183.15,0.0,0.0,2.0,BB2008
2020-06-15,183.15,183.15,183.15,183.15,0.0,0.0,2.0,BB2008
2020-06-16,183.15,183.15,183.15,183.15,0.0,0.0,2.0,BB2008
2020-06-17,183.15,183.15,183.15,183.15,0.0,0.0,2.0,BB2008
2020-06-18,191.0,192.3,191.0,192.3,3.0,287800.0,3.0,BB2008
2020-06-19,192.3,192.3,192.3,191.85,0.0,0.0,3.0,BB2008
2020-06-22,191.85,191.85,191.85,191.85,0.0,0.0,3.0,BB2008
2020-06-23,191.85,191.85,191.85,191.85,0.0,0.0,3.0,BB2008
2020-06-24,191.85,191.85,191.85,191.85,0.0,0.0,3.0,BB2008
2020-06-29,191.85,191.85,191.85,191.85,0.0,0.0,3.0,BB2008
2020-06-30,191.85,191.85,191.85,191.85,0.0,0.0,3.0,BB2008
2020-07-01,201.4,201.4,192.3,192.3,3.0,293000.0,5.0,BB2008
2020-07-02,200.0,200.0,200.0,200.0,1.0,100000.0,4.0,BB2008
2020-07-03,200.0,200.0,200.0,200.0,0.0,0.0,4.0,BB2008
2020-07-06,200.0,200.0,200.0,200.0,0.0,0.0,4.0,BB2008
2020-07-07,200.0,200.0,200.0,200.0,0.0,0.0,4.0,BB2008
2020-07-08,194.35,207.65,194.35,207.65,7.0,703250.0,3.0,BB2008
2020-07-09,207.65,207.65,207.65,200.9,0.0,0.0,3.0,BB2008
2020-07-10,200.9,200.9,200.9,200.9,0.0,0.0,3.0,BB2008
2020-07-13,210.55,210.9,210.55,210.9,2.0,210725.0,4.0,BB2008
2020-07-14,227.25,227.55,211.0,227.15,13.0,1453800.0,5.0,BB2008
2020-07-15,230.85,232.7,215.15,226.0,6.0,684475.0,5.0,BB2008
2020-07-16,226.0,226.0,226.0,228.15,0.0,0.0,5.0,BB2008
2020-07-17,228.15,228.15,228.15,228.15,0.0,0.0,5.0,BB2008
2020-07-20,228.15,228.15,228.15,229.6,0.0,0.0,5.0,BB2008
2020-07-21,235.0,237.2,235.0,237.2,2.0,236100.0,5.0,BB2008
2020-07-22,237.2,237.2,237.2,236.1,0.0,0.0,5.0,BB2008
2020-07-23,236.1,236.1,236.1,236.1,4.0,472200.0,2.0,BB2008
2020-07-24,236.1,236.1,236.1,236.1,0.0,0.0,2.0,BB2008
2020-07-27,236.1,236.1,236.1,236.1,0.0,0.0,2.0,BB2008
2020-07-28,236.1,236.1,236.1,236.1,0.0,0.0,2.0,BB2008
2020-07-29,236.1,236.1,236.1,236.1,0.0,0.0,2.0,BB2008
2020-07-30,236.1,236.1,236.1,236.1,0.0,0.0,2.0,BB2008
2020-07-31,236.1,236.1,236.1,247.9,0.0,0.0,2.0,BB2008
2020-08-03,267.7,267.7,267.7,267.7,1.0,133850.0,1.0,BB2008
2020-08-04,294.45,294.45,294.45,294.45,1.0,147225.0,0.0,BB2008
2020-08-05,294.45,294.45,294.45,294.45,0.0,0.0,0.0,BB2008
2020-08-06,294.45,294.45,294.45,294.45,0.0,0.0,0.0,BB2008
2020-08-07,294.45,294.45,294.45,294.45,0.0,0.0,0.0,BB2008
2020-08-10,294.45,294.45,294.45,294.45,0.0,0.0,0.0,BB2008
2020-08-11,294.45,294.45,294.45,294.45,0.0,0.0,0.0,BB2008
2020-08-12,294.45,294.45,294.45,294.45,0.0,0.0,0.0,BB2008
2020-08-13,294.45,294.45,294.45,294.45,0.0,0.0,0.0,BB2008
2020-08-14,213.75,213.75,213.75,213.75,0.0,0.0,1.0,BB2009
2020-08-17,213.75,213.75,213.75,213.75,0.0,0.0,1.0,BB2009
2020-08-18,213.75,213.75,213.75,213.75,0.0,0.0,1.0,BB2009
2020-08-19,224.4,224.4,224.4,224.4,1.0,112200.0,0.0,BB2009
2020-08-20,224.4,224.4,224.4,224.4,0.0,0.0,0.0,BB2009
2020-08-21,224.4,224.4,224.4,224.4,0.0,0.0,0.0,BB2009
2020-08-24,224.4,224.4,224.4,224.4,0.0,0.0,0.0,BB2009
2020-08-25,224.4,224.4,224.4,224.4,0.0,0.0,0.0,BB2009
2020-08-26,224.4,224.4,224.4,224.4,0.0,0.0,0.0,BB2009
2020-08-27,224.4,224.4,224.4,224.4,0.0,0.0,0.0,BB2009
2020-08-28,224.4,224.4,224.4,224.4,0.0,0.0,0.0,BB2009
2020-08-31,224.4,224.4,224.4,224.4,0.0,0.0,0.0,BB2009
2020-09-01,224.4,224.4,224.4,224.4,0.0,0.0,0.0,BB2009
2020-09-02,224.4,224.4,224.4,224.4,0.0,0.0,0.0,BB2009
2020-09-03,224.4,224.4,224.4,224.4,0.0,0.0,0.0,BB2009
2020-09-04,224.4,224.4,224.4,210.95,0.0,0.0,0.0,BB2009
2020-09-07,210.95,210.95,210.95,192.05,0.0,0.0,0.0,BB2009
2020-09-08,337.95,337.95,337.95,302.0,0.0,0.0,2.0,BB2012
2020-09-09,302.0,302.0,302.0,262.75,0.0,0.0,2.0,BB2012
2020-09-10,262.75,262.75,262.75,262.75,0.0,0.0,2.0,BB2012
2020-09-11,262.75,262.75,262.75,249.65,0.0,0.0,2.0,BB2012
2020-09-14,249.65,249.65,249.65,230.65,0.0,0.0,2.0,BB2012
2020-09-15,230.65,230.65,230.65,219.4,0.0,0.0,2.0,BB2012
2020-09-16,219.4,219.4,219.4,219.4,0.0,0.0,2.0,BB2012
2020-09-17,219.4,219.4,219.4,219.4,0.0,0.0,2.0,BB2012
2020-09-18,219.4,219.4,219.4,219.4,0.0,0.0,2.0,BB2012
2020-09-21,219.4,219.4,219.4,229.0,0.0,0.0,2.0,BB2012
2020-09-22,217.55,217.55,217.55,217.55,1.0,108775.0,2.0,BB2012
2020-09-23,206.7,228.3,206.7,210.75,3.0,322875.0,2.0,BB2012
2020-09-24,210.75,210.75,210.75,215.25,0.0,0.0,2.0,BB2012
2020-09-25,215.25,215.25,215.25,215.25,0.0,0.0,2.0,BB2012
2020-09-28,215.25,215.25,215.25,215.25,0.0,0.0,2.0,BB2012
2020-09-29,215.25,215.25,215.25,215.25,0.0,0.0,2.0,BB2012
2020-09-30,215.25,215.25,215.25,215.25,0.0,0.0,2.0,BB2012
2020-10-09,215.25,215.25,215.25,215.25,0.0,0.0,2.0,BB2012
2020-10-12,215.25,215.25,215.25,215.25,0.0,0.0,2.0,BB2012
2020-10-13,215.25,215.25,215.25,215.25,0.0,0.0,2.0,BB2012
2020-10-14,215.25,215.25,215.25,215.25,0.0,0.0,2.0,BB2012
2020-10-15,215.25,215.25,215.25,215.25,0.0,0.0,2.0,BB2012
2020-10-16,226.0,226.0,204.5,204.5,8.0,853550.0,8.0,BB2012
2020-10-19,202.7,221.85,202.7,209.0,12.0,1245550.0,4.0,BB2012
2020-10-20,209.0,209.0,209.0,207.55,0.0,0.0,4.0,BB2012
2020-10-21,204.05,204.1,202.0,202.0,4.0,406800.0,2.0,BB2012
2020-10-22,196.55,196.55,193.25,193.25,8.0,774725.0,7.0,BB2012
2020-10-23,178.2,183.85,178.2,183.85,2.0,181025.0,7.0,BB2012
2020-10-26,163.5,199.1,163.15,199.1,17.0,1580300.0,13.0,BB2012
2020-10-27,195.15,195.15,195.15,195.15,7.0,683025.0,13.0,BB2012
2020-10-28,210.75,210.75,195.65,195.65,2.0,203200.0,12.0,BB2012
2020-10-29,200.8,200.8,200.8,200.8,1.0,100400.0,12.0,BB2012
2020-10-30,195.25,195.25,195.25,195.25,1.0,97625.0,12.0,BB2012
2020-11-02,205.0,205.0,205.0,205.0,2.0,205000.0,13.0,BB2012
2020-11-03,205.0,205.0,205.0,205.0,0.0,0.0,13.0,BB2012
2020-11-04,200.2,215.25,200.2,215.25,3.0,315350.0,14.0,BB2012
2020-11-05,215.25,215.25,215.25,210.2,0.0,0.0,14.0,BB2012
2020-11-06,210.2,210.2,210.2,210.2,0.0,0.0,14.0,BB2012
2020-11-09,210.2,210.2,210.2,210.2,0.0,0.0,14.0,BB2012
2020-11-10,210.2,210.2,210.2,199.7,0.0,0.0,14.0,BB2012
2020-11-11,199.7,199.7,199.7,209.65,0.0,0.0,14.0,BB2012
2020-11-12,226.4,226.4,226.4,226.4,2.0,226400.0,15.0,BB2012
2020-11-13,226.4,226.4,226.4,226.4,0.0,0.0,15.0,BB2012
2020-11-16,226.4,226.4,226.4,226.4,0.0,0.0,15.0,BB2012
2020-11-17,237.6,237.6,237.6,237.6,2.0,237600.0,13.0,BB2012
2020-11-18,256.45,256.6,224.15,256.5,13.0,1632325.0,11.0,BB2012
2020-11-19,263.5,263.5,263.5,263.5,1.0,131750.0,10.0,BB2012
2020-11-20,263.5,263.5,263.5,276.65,0.0,0.0,10.0,BB2012
2020-11-23,298.75,298.75,298.75,298.75,1.0,149375.0,9.0,BB2012
2020-11-24,328.45,328.45,300.0,300.0,10.0,1628000.0,0.0,BB2012
2020-11-25,300.0,300.0,300.0,325.6,0.0,0.0,0.0,BB2012
2020-11-26,237.5,237.5,237.5,237.5,1.0,118750.0,0.0,BB2101
2020-11-27,237.5,237.5,237.5,237.5,0.0,0.0,0.0,BB2101
2020-11-30,325.6,325.6,325.6,325.6,0.0,0.0,0.0,BB2012
2020-12-01,325.6,325.6,325.6,325.6,0.0,0.0,0.0,BB2012
2020-12-02,325.6,325.6,325.6,325.6,0.0,0.0,0.0,BB2012
2020-12-03,325.6,325.6,325.6,325.6,0.0,0.0,0.0,BB2012
2020-12-04,325.6,325.6,325.6,325.6,0.0,0.0,0.0,BB2012
2020-12-07,325.6,325.6,325.6,325.6,0.0,0.0,0.0,BB2012
2020-12-08,325.6,325.6,325.6,325.6,0.0,0.0,0.0,BB2012
2020-12-09,325.6,325.6,325.6,325.6,0.0,0.0,0.0,BB2012
2020-12-10,325.6,325.6,325.6,325.6,0.0,0.0,0.0,BB2012
2020-12-11,325.6,325.6,325.6,325.6,0.0,0.0,0.0,BB2012
2020-12-14,237.5,237.5,237.5,237.5,0.0,0.0,0.0,BB2101
2020-12-15,237.5,237.5,237.5,237.5,0.0,0.0,0.0,BB2101
2020-12-16,237.5,237.5,237.5,237.5,0.0,0.0,0.0,BB2101
2020-12-17,237.5,237.5,237.5,237.5,0.0,0.0,0.0,BB2101
2020-12-18,237.5,237.5,237.5,237.5,0.0,0.0,0.0,BB2101
2020-12-21,237.5,237.5,237.5,237.5,0.0,0.0,0.0,BB2101
2020-12-22,237.5,237.5,237.5,237.5,0.0,0.0,0.0,BB2101
2020-12-23,237.5,237.5,237.5,237.5,0.0,0.0,0.0,BB2101
2020-12-24,237.5,237.5,237.5,237.5,0.0,0.0,0.0,BB2101
2020-12-25,237.5,237.5,237.5,237.5,0.0,0.0,0.0,BB2101
2020-12-28,237.5,237.5,237.5,237.5,0.0,0.0,0.0,BB2101
2020-12-29,237.5,237.5,237.5,237.5,0.0,0.0,0.0,BB2101
2020-12-30,237.5,237.5,237.5,237.5,0.0,0.0,0.0,BB2101
2020-12-31,237.5,237.5,237.5,237.5,0.0,0.0,0.0,BB2101
2021-01-04,237.5,237.5,237.5,237.5,0.0,0.0,0.0,BB2101
2021-01-05,237.5,237.5,237.5,237.5,0.0,0.0,0.0,BB2101
2021-01-06,237.5,237.5,237.5,237.5,0.0,0.0,0.0,BB2101
2021-01-07,237.5,237.5,237.5,237.5,0.0,0.0,0.0,BB2101
2021-01-08,237.5,237.5,237.5,237.5,0.0,0.0,0.0,BB2101
2021-01-11,237.5,237.5,237.5,237.5,0.0,0.0,0.0,BB2101
2021-01-12,237.5,237.5,237.5,237.5,0.0,0.0,0.0,BB2101
2021-01-13,237.5,237.5,237.5,237.5,0.0,0.0,0.0,BB2101
2021-01-14,237.5,237.5,237.5,237.5,0.0,0.0,0.0,BB2101
2021-01-15,245.45,245.45,245.45,245.45,0.0,0.0,0.0,BB2102
2021-01-18,245.45,245.45,245.45,245.45,0.0,0.0,0.0,BB2102
2021-01-19,245.45,245.45,245.45,245.45,0.0,0.0,0.0,BB2102
2021-01-20,245.45,245.45,245.45,245.45,0.0,0.0,0.0,BB2102
2021-01-21,245.45,245.45,245.45,245.45,0.0,0.0,0.0,BB2102
2021-01-22,245.45,245.45,245.45,245.45,0.0,0.0,0.0,BB2102
2021-01-25,245.45,245.45,245.45,245.45,0.0,0.0,0.0,BB2102
2021-01-26,245.45,245.45,245.45,245.45,0.0,0.0,0.0,BB2102
2021-01-27,245.45,245.45,245.45,245.45,0.0,0.0,0.0,BB2102
2021-01-28,245.45,245.45,245.45,245.45,0.0,0.0,0.0,BB2102
2021-01-29,245.45,245.45,245.45,245.45,0.0,0.0,0.0,BB2102
2021-02-01,245.45,245.45,245.45,245.45,0.0,0.0,0.0,BB2102
2021-02-02,245.45,245.45,245.45,245.45,0.0,0.0,0.0,BB2102
2021-02-03,245.45,245.45,245.45,245.45,0.0,0.0,0.0,BB2102
2021-02-04,245.45,245.45,245.45,245.45,0.0,0.0,0.0,BB2102
2021-02-05,245.45,245.45,245.45,245.45,0.0,0.0,0.0,BB2102
2021-02-08,245.45,245.45,245.45,245.45,0.0,0.0,0.0,BB2102
2021-02-09,245.45,245.45,245.45,245.45,0.0,0.0,0.0,BB2102
2021-02-10,245.45,245.45,245.45,245.45,0.0,0.0,0.0,BB2102
2021-02-18,245.45,245.45,245.45,245.45,0.0,0.0,0.0,BB2102
2021-02-19,266.8,266.8,266.8,266.8,0.0,0.0,0.0,BB2103
2021-02-22,266.8,266.8,266.8,266.8,0.0,0.0,0.0,BB2103
2021-02-23,266.8,266.8,266.8,266.8,0.0,0.0,0.0,BB2103
2021-02-24,266.8,266.8,266.8,266.8,0.0,0.0,0.0,BB2103
2021-02-25,266.8,266.8,266.8,266.8,0.0,0.0,0.0,BB2103
2021-02-26,266.8,266.8,266.8,266.8,0.0,0.0,0.0,BB2103
2021-03-01,266.8,266.8,266.8,266.8,0.0,0.0,0.0,BB2103
2021-03-02,266.8,266.8,266.8,266.8,0.0,0.0,0.0,BB2103
2021-03-03,266.8,266.8,266.8,266.8,0.0,0.0,0.0,BB2103
2021-03-04,266.8,266.8,266.8,266.8,0.0,0.0,0.0,BB2103
2021-03-05,266.8,266.8,266.8,266.8,0.0,0.0,0.0,BB2103
2021-03-08,266.8,266.8,266.8,266.8,0.0,0.0,0.0,BB2103
2021-03-09,266.8,266.8,266.8,266.8,0.0,0.0,0.0,BB2103
2021-03-10,266.8,266.8,266.8,266.8,0.0,0.0,0.0,BB2103
2021-03-11,266.8,266.8,266.8,266.8,0.0,0.0,0.0,BB2103
2021-03-12,377.9,377.9,377.9,377.9,0.0,0.0,0.0,BB2104
2021-03-15,377.9,377.9,377.9,377.9,0.0,0.0,0.0,BB2104
2021-03-16,377.9,377.9,377.9,377.9,0.0,0.0,0.0,BB2104
2021-03-17,377.9,377.9,377.9,377.9,0.0,0.0,0.0,BB2104
2021-03-18,377.9,377.9,377.9,377.9,0.0,0.0,0.0,BB2104
2021-03-19,377.9,377.9,377.9,377.9,0.0,0.0,0.0,BB2104
2021-03-22,377.9,377.9,377.9,377.9,0.0,0.0,0.0,BB2104
2021-03-23,377.9,377.9,377.9,377.9,0.0,0.0,0.0,BB2104
2021-03-24,377.9,377.9,377.9,377.9,0.0,0.0,0.0,BB2104
2021-03-25,377.9,377.9,377.9,377.9,0.0,0.0,0.0,BB2104
2021-03-26,377.9,377.9,377.9,377.9,0.0,0.0,0.0,BB2104
2021-03-29,377.9,377.9,377.9,377.9,0.0,0.0,0.0,BB2104
2021-03-30,377.9,377.9,377.9,377.9,0.0,0.0,0.0,BB2104
2021-03-31,377.9,377.9,377.9,377.9,0.0,0.0,0.0,BB2104
2021-04-01,377.9,377.9,377.9,377.9,0.0,0.0,0.0,BB2104
2021-04-02,377.9,377.9,377.9,377.9,0.0,0.0,0.0,BB2104
2021-04-06,377.9,377.9,377.9,377.9,0.0,0.0,0.0,BB2104
2021-04-07,377.9,377.9,377.9,377.9,0.0,0.0,0.0,BB2104
2021-04-08,377.9,377.9,377.9,377.9,0.0,0.0,0.0,BB2104
2021-04-09,377.9,377.9,377.9,377.9,0.0,0.0,0.0,BB2104
2021-04-12,377.9,377.9,377.9,377.9,0.0,0.0,0.0,BB2104
2021-04-13,377.9,377.9,377.9,377.9,0.0,0.0,0.0,BB2104
2021-04-14,377.9,377.9,377.9,377.9,0.0,0.0,0.0,BB2104
2021-04-15,258.1,258.1,258.1,258.1,0.0,0.0,0.0,BB2105
2021-04-16,258.1,258.1,258.1,258.1,0.0,0.0,0.0,BB2105
2021-04-19,258.1,258.1,258.1,258.1,0.0,0.0,0.0,BB2105
2021-04-20,258.1,258.1,258.1,258.1,0.0,0.0,0.0,BB2105
2021-04-21,237.5,278.7,237.5,278.65,85.0,11683750.0,16.0,BB2105
2021-04-22,288.2,288.6,277.5,288.6,17.0,2442375.0,15.0,BB2105
2021-04-23,299.85,301.65,288.45,301.6,31.0,4633400.0,16.0,BB2105
2021-04-26,308.85,313.75,306.05,312.0,14.0,2178325.0,22.0,BB2105
2021-04-27,315.0,326.7,300.05,316.0,15.0,2380800.0,15.0,BB2105
2021-04-28,332.6,333.25,303.15,329.45,13.0,2122975.0,15.0,BB2105
2021-04-29,346.9,352.45,346.3,346.3,18.0,3134900.0,7.0,BB2105
2021-04-30,331.05,348.3,330.9,348.3,13.0,2211875.0,0.0,BB2105
2021-05-06,348.3,348.3,348.3,340.25,0.0,0.0,0.0,BB2105
2021-05-07,340.25,340.25,340.25,340.25,0.0,0.0,0.0,BB2105
2021-05-10,340.25,340.25,340.25,340.25,0.0,0.0,0.0,BB2105
2021-05-11,340.25,340.25,340.25,340.25,0.0,0.0,0.0,BB2105
2021-05-12,340.25,340.25,340.25,340.25,0.0,0.0,0.0,BB2105
2021-05-13,340.25,340.25,340.25,340.25,0.0,0.0,0.0,BB2105
2021-05-14,340.25,340.25,340.25,340.25,0.0,0.0,0.0,BB2105
2021-05-17,340.25,340.25,340.25,340.25,0.0,0.0,0.0,BB2105
2021-05-18,340.25,340.25,340.25,340.25,0.0,0.0,0.0,BB2105
2021-05-19,205.45,205.45,205.45,205.45,0.0,0.0,0.0,BB2106
2021-05-20,205.45,205.45,205.45,205.45,0.0,0.0,0.0,BB2106
2021-05-21,205.45,205.45,205.45,205.45,0.0,0.0,0.0,BB2106
2021-05-24,205.45,205.45,205.45,205.45,0.0,0.0,0.0,BB2106
2021-05-25,205.45,205.45,205.45,205.45,0.0,0.0,0.0,BB2106
2021-05-26,205.45,205.45,205.45,205.45,0.0,0.0,0.0,BB2106
2021-05-27,205.45,205.45,205.45,205.45,0.0,0.0,0.0,BB2106
2021-05-28,205.45,205.45,205.45,205.45,0.0,0.0,0.0,BB2106
2021-05-31,205.45,205.45,205.45,205.45,0.0,0.0,0.0,BB2106
2021-06-01,205.45,205.45,205.45,205.45,0.0,0.0,0.0,BB2106
2021-06-02,205.45,205.45,205.45,205.45,0.0,0.0,0.0,BB2106
2021-06-03,205.45,205.45,205.45,205.45,0.0,0.0,0.0,BB2106
2021-06-04,205.45,205.45,205.45,205.45,0.0,0.0,0.0,BB2106
2021-06-07,205.45,205.45,205.45,205.45,0.0,0.0,0.0,BB2106
2021-06-08,205.45,205.45,205.45,205.45,0.0,0.0,0.0,BB2106
2021-06-09,205.45,205.45,205.45,205.45,0.0,0.0,0.0,BB2106
2021-06-10,205.45,205.45,205.45,205.45,0.0,0.0,0.0,BB2106
2021-06-11,205.45,205.45,205.45,205.45,0.0,0.0,0.0,BB2106
2021-06-15,230.55,230.55,230.55,230.55,0.0,0.0,0.0,BB2107
2021-06-16,230.55,230.55,230.55,230.55,0.0,0.0,0.0,BB2107
2021-06-17,230.55,230.55,230.55,230.55,0.0,0.0,0.0,BB2107
2021-06-18,230.55,230.55,230.55,230.55,0.0,0.0,0.0,BB2107
2021-06-21,230.55,230.55,230.55,230.55,0.0,0.0,0.0,BB2107
2021-06-22,230.55,230.55,230.55,230.55,0.0,0.0,0.0,BB2107
2021-06-23,230.55,230.55,230.55,230.55,0.0,0.0,0.0,BB2107
2021-06-24,230.55,230.55,230.55,230.55,0.0,0.0,0.0,BB2107
2021-06-25,230.55,230.55,230.55,230.55,0.0,0.0,0.0,BB2107
2021-06-28,230.55,230.55,230.55,230.55,0.0,0.0,0.0,BB2107
2021-06-29,230.55,230.55,230.55,230.55,0.0,0.0,0.0,BB2107
2021-06-30,230.55,230.55,230.55,230.55,0.0,0.0,0.0,BB2107
2021-07-01,230.55,230.55,230.55,230.55,0.0,0.0,0.0,BB2107
2021-07-02,230.55,230.55,230.55,230.55,0.0,0.0,0.0,BB2107
2021-07-05,230.55,230.55,230.55,230.55,0.0,0.0,0.0,BB2107
2021-07-06,230.55,230.55,230.55,230.55,0.0,0.0,0.0,BB2107
2021-07-07,230.55,230.55,230.55,230.55,0.0,0.0,0.0,BB2107
2021-07-08,230.55,230.55,230.55,230.55,0.0,0.0,0.0,BB2107
2021-07-09,230.55,230.55,230.55,230.55,0.0,0.0,0.0,BB2107
2021-07-12,230.55,230.55,230.55,230.55,0.0,0.0,0.0,BB2107
2021-07-13,230.55,230.55,230.55,230.55,0.0,0.0,0.0,BB2107
2021-07-14,234.5,234.5,234.5,234.5,0.0,0.0,0.0,BB2108
2021-07-15,234.5,234.5,234.5,234.5,0.0,0.0,0.0,BB2108
2021-07-16,234.5,234.5,234.5,234.5,0.0,0.0,0.0,BB2108
2021-07-19,234.5,234.5,234.5,234.5,0.0,0.0,0.0,BB2108
2021-07-20,234.5,234.5,234.5,234.5,0.0,0.0,0.0,BB2108
2021-07-21,234.5,234.5,234.5,234.5,0.0,0.0,0.0,BB2108
2021-07-22,234.5,234.5,234.5,234.5,0.0,0.0,0.0,BB2108
2021-07-23,234.5,234.5,234.5,234.5,0.0,0.0,0.0,BB2108
2021-07-26,234.5,234.5,234.5,234.5,0.0,0.0,0.0,BB2108
2021-07-27,234.5,234.5,234.5,234.5,0.0,0.0,0.0,BB2108
2021-07-28,234.5,234.5,234.5,234.5,0.0,0.0,0.0,BB2108
2021-07-29,234.5,234.5,234.5,234.5,0.0,0.0,0.0,BB2108
2021-07-30,234.5,234.5,234.5,234.5,0.0,0.0,0.0,BB2108
2021-08-02,234.5,234.5,234.5,234.5,0.0,0.0,0.0,BB2108
2021-08-03,234.5,234.5,234.5,234.5,0.0,0.0,0.0,BB2108
2021-08-04,234.5,234.5,234.5,234.5,0.0,0.0,0.0,BB2108
2021-08-05,234.5,234.5,234.5,234.5,0.0,0.0,0.0,BB2108
2021-08-06,234.5,234.5,234.5,234.5,0.0,0.0,0.0,BB2108
2021-08-09,234.5,234.5,234.5,234.5,0.0,0.0,0.0,BB2108
2021-08-10,234.5,234.5,234.5,234.5,0.0,0.0,0.0,BB2108
2021-08-11,234.5,234.5,234.5,234.5,0.0,0.0,0.0,BB2108
2021-08-12,234.5,234.5,234.5,234.5,0.0,0.0,0.0,BB2108
2021-08-13,222.0,222.0,222.0,222.0,0.0,0.0,0.0,BB2109
2021-08-16,222.0,222.0,222.0,222.0,0.0,0.0,0.0,BB2109
2021-08-17,222.0,222.0,222.0,222.0,0.0,0.0,0.0,BB2109
2021-08-18,222.0,222.0,222.0,222.0,0.0,0.0,0.0,BB2109
2021-08-19,222.0,222.0,222.0,222.0,0.0,0.0,0.0,BB2109
2021-08-20,222.0,222.0,222.0,222.0,0.0,0.0,0.0,BB2109
2021-08-23,222.0,222.0,222.0,222.0,0.0,0.0,0.0,BB2109
2021-08-24,222.0,222.0,222.0,222.0,0.0,0.0,0.0,BB2109
2021-08-25,222.0,222.0,222.0,222.0,0.0,0.0,0.0,BB2109
2021-08-26,222.0,222.0,222.0,222.0,0.0,0.0,0.0,BB2109
2021-08-27,222.0,222.0,222.0,222.0,0.0,0.0,0.0,BB2109
2021-08-30,222.0,222.0,222.0,222.0,0.0,0.0,0.0,BB2109
2021-08-31,222.0,222.0,222.0,222.0,0.0,0.0,0.0,BB2109
2021-09-01,222.0,222.0,222.0,222.0,0.0,0.0,0.0,BB2109
2021-09-02,222.0,222.0,222.0,222.0,0.0,0.0,0.0,BB2109
2021-09-03,222.0,222.0,222.0,222.0,0.0,0.0,0.0,BB2109
2021-09-06,222.0,222.0,222.0,222.0,0.0,0.0,0.0,BB2109
2021-09-07,222.0,222.0,222.0,222.0,0.0,0.0,0.0,BB2109
2021-09-08,222.0,222.0,222.0,222.0,0.0,0.0,0.0,BB2109
2021-09-09,222.0,222.0,222.0,222.0,0.0,0.0,0.0,BB2109
2021-09-10,230.15,241.35,218.45,241.35,4.0,460025.0,3.0,BB2110
2021-09-13,241.35,241.5,241.35,241.5,4.0,482850.0,4.0,BB2110
2021-09-14,230.2,253.45,230.2,236.75,35.0,4232550.0,5.0,BB2110
2021-09-15,235.75,235.75,229.8,231.9,14.0,1621950.0,5.0,BB2110
2021-09-16,223.55,242.95,222.1,234.35,9.0,1047625.0,2.0,BB2110
2021-09-17,244.35,244.35,244.35,244.35,1.0,122175.0,2.0,BB2110
2021-09-22,232.65,232.65,232.15,232.25,3.0,348525.0,2.0,BB2110
2021-09-23,243.95,243.95,243.95,243.95,1.0,121975.0,1.0,BB2110
2021-09-24,243.95,243.95,243.95,243.95,0.0,0.0,1.0,BB2110
2021-09-27,243.95,243.95,243.95,243.95,0.0,0.0,1.0,BB2110
2021-09-28,243.95,243.95,243.95,243.95,0.0,0.0,1.0,BB2110
2021-09-29,256.0,256.0,256.0,256.0,1.0,128000.0,0.0,BB2110
2021-09-30,256.0,256.0,256.0,256.0,0.0,0.0,0.0,BB2110
2021-10-08,256.0,256.0,256.0,256.0,0.0,0.0,0.0,BB2110
2021-10-11,256.0,256.0,256.0,256.0,0.0,0.0,0.0,BB2110
2021-10-12,256.0,256.0,256.0,256.0,0.0,0.0,0.0,BB2110
2021-10-13,256.0,256.0,256.0,256.0,0.0,0.0,0.0,BB2110
2021-10-14,256.0,256.0,256.0,256.0,0.0,0.0,0.0,BB2110
2021-10-15,256.0,256.0,256.0,256.0,0.0,0.0,0.0,BB2110
2021-10-18,256.0,256.0,256.0,256.0,0.0,0.0,0.0,BB2110
2021-10-19,256.0,256.0,256.0,256.0,0.0,0.0,0.0,BB2110
2021-10-20,256.0,256.0,256.0,256.0,0.0,0.0,0.0,BB2110
2021-10-21,302.35,302.35,302.35,302.35,0.0,0.0,0.0,BB2111
2021-10-22,302.35,302.35,302.35,302.35,0.0,0.0,0.0,BB2111
2021-10-25,302.35,302.35,302.35,302.35,0.0,0.0,0.0,BB2111
2021-10-26,302.35,302.35,302.35,302.35,0.0,0.0,0.0,BB2111
2021-10-27,302.35,302.35,302.35,302.35,0.0,0.0,0.0,BB2111
2021-10-28,302.35,302.35,302.35,302.35,0.0,0.0,0.0,BB2111
2021-10-29,302.35,302.35,302.35,302.35,0.0,0.0,0.0,BB2111
2021-11-01,302.35,302.35,302.35,302.35,0.0,0.0,0.0,BB2111
2021-11-02,302.35,302.35,302.35,302.35,0.0,0.0,0.0,BB2111
2021-11-03,302.35,302.35,302.35,302.35,0.0,0.0,0.0,BB2111
2021-11-04,302.35,302.35,302.35,302.35,0.0,0.0,0.0,BB2111
2021-11-05,302.35,302.35,302.35,302.35,0.0,0.0,0.0,BB2111
2021-11-08,302.35,302.35,302.35,302.35,0.0,0.0,0.0,BB2111
2021-11-09,302.35,302.35,302.35,302.35,0.0,0.0,0.0,BB2111
2021-11-10,302.35,302.35,302.35,302.35,0.0,0.0,0.0,BB2111
2021-11-11,302.35,302.35,302.35,302.35,0.0,0.0,0.0,BB2111
2021-11-12,373.3,373.3,373.3,373.3,0.0,0.0,0.0,BB2112
2021-11-15,373.3,373.3,373.3,373.3,0.0,0.0,0.0,BB2112
2021-11-16,373.3,373.3,373.3,373.3,0.0,0.0,0.0,BB2112
2021-11-17,373.3,373.3,373.3,373.3,0.0,0.0,0.0,BB2112
2021-11-18,373.3,373.3,373.3,373.3,0.0,0.0,0.0,BB2112
2021-11-19,373.3,373.3,373.3,373.3,0.0,0.0,0.0,BB2112
2021-11-22,373.3,373.3,373.3,373.3,0.0,0.0,0.0,BB2112
2021-11-23,373.3,373.3,373.3,373.3,0.0,0.0,0.0,BB2112
2021-11-24,373.3,373.3,373.3,373.3,0.0,0.0,0.0,BB2112
2021-11-25,373.3,373.3,373.3,373.3,0.0,0.0,0.0,BB2112
2021-11-26,373.3,373.3,373.3,373.3,0.0,0.0,0.0,BB2112
2021-11-29,373.3,373.3,373.3,373.3,0.0,0.0,0.0,BB2112
2021-11-30,373.3,373.3,373.3,373.3,0.0,0.0,0.0,BB2112
2021-12-01,373.3,373.3,373.3,373.3,0.0,0.0,0.0,BB2112
2021-12-02,373.3,373.3,373.3,373.3,0.0,0.0,0.0,BB2112
2021-12-03,373.3,373.3,373.3,373.3,0.0,0.0,0.0,BB2112
2021-12-06,373.3,373.3,373.3,373.3,0.0,0.0,0.0,BB2112
2021-12-07,373.3,373.3,373.3,373.3,0.0,0.0,0.0,BB2112
2021-12-08,373.3,373.3,373.3,373.3,0.0,0.0,0.0,BB2112
2021-12-09,373.3,373.3,373.3,373.3,0.0,0.0,0.0,BB2112
2021-12-10,373.3,373.3,373.3,373.3,0.0,0.0,0.0,BB2112
2021-12-13,373.3,373.3,373.3,373.3,0.0,0.0,0.0,BB2112
2021-12-14,373.3,373.3,373.3,373.3,0.0,0.0,0.0,BB2201
2021-12-15,373.3,373.3,373.3,373.3,0.0,0.0,0.0,BB2201
2021-12-16,373.3,373.3,373.3,373.3,0.0,0.0,0.0,BB2201
2021-12-17,373.3,373.3,373.3,373.3,0.0,0.0,0.0,BB2201
2021-12-20,373.3,373.3,373.3,373.3,0.0,0.0,0.0,BB2201
2021-12-21,373.3,373.3,373.3,373.3,0.0,0.0,0.0,BB2201
2021-12-22,373.3,373.3,373.3,373.3,0.0,0.0,0.0,BB2201
2021-12-23,373.3,373.3,373.3,373.3,0.0,0.0,0.0,BB2201
2021-12-24,373.3,373.3,373.3,373.3,0.0,0.0,0.0,BB2201
2021-12-27,373.3,373.3,373.3,373.3,0.0,0.0,0.0,BB2201
2021-12-28,373.3,373.3,373.3,373.3,0.0,0.0,0.0,BB2201
2021-12-29,373.3,373.3,373.3,373.3,0.0,0.0,0.0,BB2201
2021-12-30,373.3,373.3,373.3,373.3,0.0,0.0,0.0,BB2201
2021-12-31,373.3,373.3,373.3,373.3,0.0,0.0,0.0,BB2201
2022-01-04,373.3,373.3,373.3,373.3,0.0,0.0,0.0,BB2201
2022-01-05,373.3,373.3,373.3,373.3,0.0,0.0,0.0,BB2201
2022-01-06,373.3,373.3,373.3,373.3,0.0,0.0,0.0,BB2201
2022-01-07,373.3,373.3,373.3,373.3,0.0,0.0,0.0,BB2201
2022-01-10,373.3,373.3,373.3,373.3,0.0,0.0,0.0,BB2201
2022-01-11,373.3,373.3,373.3,373.3,0.0,0.0,0.0,BB2201
2022-01-12,373.3,373.3,373.3,373.3,0.0,0.0,0.0,BB2201
2022-01-13,373.3,373.3,373.3,373.3,0.0,0.0,0.0,BB2201
2022-01-14,373.3,373.3,373.3,373.3,0.0,0.0,0.0,BB2201
2022-01-17,373.3,373.3,373.3,373.3,0.0,0.0,0.0,BB2202
2022-01-18,373.3,373.3,373.3,373.3,0.0,0.0,0.0,BB2202
2022-01-19,373.3,373.3,373.3,373.3,0.0,0.0,0.0,BB2202
2022-01-20,373.3,373.3,373.3,373.3,0.0,0.0,0.0,BB2202
2022-01-21,373.3,373.3,373.3,373.3,0.0,0.0,0.0,BB2202
2022-01-24,373.3,373.3,373.3,373.3,0.0,0.0,0.0,BB2202
2022-01-25,373.3,373.3,373.3,373.3,0.0,0.0,0.0,BB2202
2022-01-26,373.3,373.3,373.3,373.3,0.0,0.0,0.0,BB2202
2022-01-27,373.3,373.3,373.3,373.3,0.0,0.0,0.0,BB2202
2022-01-28,373.3,373.3,373.3,373.3,0.0,0.0,0.0,BB2202
2022-02-07,373.3,373.3,373.3,373.3,0.0,0.0,0.0,BB2202
2022-02-08,373.3,373.3,373.3,373.3,0.0,0.0,0.0,BB2202
2022-02-09,373.3,373.3,373.3,373.3,0.0,0.0,0.0,BB2202
2022-02-10,373.3,373.3,373.3,373.3,0.0,0.0,0.0,BB2202
2022-02-11,373.3,373.3,373.3,373.3,0.0,0.0,0.0,BB2202
2022-02-14,373.3,373.3,373.3,373.3,0.0,0.0,0.0,BB2202
2022-02-15,373.3,373.3,373.3,373.3,0.0,0.0,0.0,BB2202
2022-02-16,373.3,373.3,373.3,373.3,0.0,0.0,0.0,BB2202
2022-02-17,373.3,373.3,373.3,373.3,0.0,0.0,0.0,BB2202
2022-02-18,373.3,373.3,373.3,373.3,0.0,0.0,0.0,BB2203
2022-02-21,373.3,373.3,373.3,373.3,0.0,0.0,0.0,BB2203
2022-02-22,373.3,373.3,373.3,373.3,0.0,0.0,0.0,BB2203
2022-02-23,373.3,373.3,373.3,373.3,0.0,0.0,0.0,BB2203
2022-02-24,373.3,373.3,373.3,373.3,0.0,0.0,0.0,BB2203
2022-02-25,373.3,373.3,373.3,373.3,0.0,0.0,0.0,BB2203
2022-02-28,373.3,373.3,373.3,373.3,0.0,0.0,0.0,BB2203
2022-03-01,373.3,373.3,373.3,373.3,0.0,0.0,0.0,BB2203
2022-03-02,373.3,373.3,373.3,373.3,0.0,0.0,0.0,BB2203
2022-03-03,373.3,373.3,373.3,373.3,0.0,0.0,0.0,BB2203
2022-03-04,373.3,373.3,373.3,373.3,0.0,0.0,0.0,BB2203
2022-03-07,373.3,373.3,373.3,373.3,0.0,0.0,0.0,BB2203
2022-03-08,373.3,373.3,373.3,373.3,0.0,0.0,0.0,BB2203
2022-03-09,373.3,373.3,373.3,373.3,0.0,0.0,0.0,BB2203
2022-03-10,390.1,390.1,390.1,390.1,4.0,780200.0,0.0,BB2204
2022-03-11,369.55,369.55,369.55,410.6,0.0,0.0,0.0,BB2205
2022-03-14,390.1,390.1,390.1,390.1,0.0,0.0,0.0,BB2204
2022-03-15,390.1,390.1,390.1,390.1,0.0,0.0,0.0,BB2204
2022-03-16,390.1,390.1,390.1,390.1,0.0,0.0,0.0,BB2204
2022-03-17,390.1,390.1,390.1,390.1,0.0,0.0,0.0,BB2204
2022-03-18,390.1,390.1,390.1,390.1,0.0,0.0,0.0,BB2204
2022-03-21,390.1,390.1,390.1,390.1,0.0,0.0,0.0,BB2204
2022-03-22,390.1,390.1,390.1,390.1,0.0,0.0,0.0,BB2204
2022-03-23,390.1,390.1,390.1,390.1,0.0,0.0,0.0,BB2204
2022-03-24,390.1,390.1,390.1,390.1,0.0,0.0,0.0,BB2204
2022-03-25,390.1,390.1,390.1,390.1,0.0,0.0,0.0,BB2204
2022-03-28,390.1,390.1,390.1,390.1,0.0,0.0,0.0,BB2204
2022-03-29,390.1,390.1,390.1,390.1,0.0,0.0,0.0,BB2204
2022-03-30,390.1,390.1,390.1,390.1,0.0,0.0,0.0,BB2204
2022-03-31,390.1,390.1,390.1,390.1,0.0,0.0,0.0,BB2204
2022-04-01,390.1,390.1,390.1,390.1,0.0,0.0,0.0,BB2204
2022-04-06,390.1,390.1,390.1,390.1,0.0,0.0,0.0,BB2204
2022-04-07,390.1,390.1,390.1,390.1,0.0,0.0,0.0,BB2204
2022-04-08,390.1,390.1,390.1,390.1,0.0,0.0,0.0,BB2204
2022-04-11,390.1,390.1,390.1,390.1,0.0,0.0,0.0,BB2204
2022-04-12,390.1,390.1,390.1,390.1,0.0,0.0,0.0,BB2204
2022-04-13,390.1,390.1,390.1,390.1,0.0,0.0,0.0,BB2204
2022-04-14,390.1,390.1,390.1,390.1,0.0,0.0,0.0,BB2204
2022-04-15,390.1,390.1,390.1,390.1,0.0,0.0,0.0,BB2204
2022-04-18,410.6,410.6,410.6,410.6,0.0,0.0,0.0,BB2205
2022-04-19,410.6,410.6,410.6,410.6,0.0,0.0,0.0,BB2205
2022-04-20,410.6,410.6,410.6,410.6,0.0,0.0,0.0,BB2205
2022-04-21,410.6,410.6,410.6,410.6,0.0,0.0,0.0,BB2205
2022-04-22,410.6,410.6,410.6,410.6,0.0,0.0,0.0,BB2205
2022-04-25,410.6,410.6,410.6,410.6,0.0,0.0,0.0,BB2205
2022-04-26,410.6,410.6,410.6,410.6,0.0,0.0,0.0,BB2205
2022-04-27,410.6,410.6,410.6,410.6,0.0,0.0,0.0,BB2205
2022-04-28,410.6,410.6,410.6,410.6,0.0,0.0,0.0,BB2205
2022-04-29,410.6,410.6,410.6,410.6,0.0,0.0,0.0,BB2205
2022-05-05,410.6,410.6,410.6,410.6,0.0,0.0,0.0,BB2205
2022-05-06,410.6,410.6,410.6,410.6,0.0,0.0,0.0,BB2205
2022-05-09,410.6,410.6,410.6,410.6,0.0,0.0,0.0,BB2205
2022-05-10,410.6,410.6,410.6,410.6,0.0,0.0,0.0,BB2205
2022-05-11,410.6,410.6,410.6,410.6,0.0,0.0,0.0,BB2205
2022-05-12,410.6,410.6,410.6,410.6,0.0,0.0,0.0,BB2205
2022-05-13,410.6,410.6,410.6,410.6,0.0,0.0,0.0,BB2205
2022-05-16,410.6,410.6,410.6,410.6,0.0,0.0,0.0,BB2205
2022-05-17,410.6,410.6,410.6,410.6,0.0,0.0,0.0,BB2205
2022-05-18,410.6,410.6,410.6,410.6,0.0,0.0,0.0,BB2206
2022-05-19,410.6,410.6,410.6,410.6,0.0,0.0,0.0,BB2206
2022-05-20,410.6,410.6,410.6,410.6,0.0,0.0,0.0,BB2206
2022-05-23,410.6,410.6,410.6,410.6,0.0,0.0,0.0,BB2206
2022-05-24,410.6,410.6,410.6,410.6,0.0,0.0,0.0,BB2206
2022-05-25,410.6,410.6,410.6,410.6,0.0,0.0,0.0,BB2206
2022-05-26,410.6,410.6,410.6,410.6,0.0,0.0,0.0,BB2206
2022-05-27,410.6,410.6,410.6,410.6,0.0,0.0,0.0,BB2206
2022-05-30,410.6,410.6,410.6,410.6,0.0,0.0,0.0,BB2206
2022-05-31,410.6,410.6,410.6,410.6,0.0,0.0,0.0,BB2206
2022-06-01,410.6,410.6,410.6,410.6,0.0,0.0,0.0,BB2206
2022-06-02,410.6,410.6,410.6,410.6,0.0,0.0,0.0,BB2206
2022-06-06,410.6,410.6,410.6,410.6,0.0,0.0,0.0,BB2206
2022-06-07,410.6,410.6,410.6,410.6,0.0,0.0,0.0,BB2206
2022-06-08,410.6,410.6,410.6,410.6,0.0,0.0,0.0,BB2206
2022-06-09,410.6,410.6,410.6,410.6,0.0,0.0,0.0,BB2206
2022-06-10,410.6,410.6,410.6,410.6,0.0,0.0,0.0,BB2206
2022-06-13,410.6,410.6,410.6,410.6,0.0,0.0,0.0,BB2206
2022-06-14,410.6,410.6,410.6,410.6,0.0,0.0,0.0,BB2206
2022-06-15,410.6,410.6,410.6,410.6,0.0,0.0,0.0,BB2207
2022-06-16,410.6,410.6,410.6,410.6,0.0,0.0,0.0,BB2207
2022-06-17,410.6,410.6,410.6,410.6,0.0,0.0,0.0,BB2207
2022-06-20,410.6,410.6,410.6,410.6,0.0,0.0,0.0,BB2207
2022-06-21,410.6,410.6,410.6,410.6,0.0,0.0,0.0,BB2207
2022-06-22,451.65,451.65,370.05,371.0,11.0,2177400.0,4.0,BB2207
2022-06-23,376.1,414.8,376.1,378.5,9.0,1736225.0,3.0,BB2207
2022-06-24,378.5,378.5,378.5,385.8,0.0,0.0,3.0,BB2207
2022-06-27,399.95,400.0,399.95,400.0,5.0,999925.0,0.0,BB2207
2022-06-28,400.0,400.0,400.0,399.95,0.0,0.0,0.0,BB2207
2022-06-29,399.95,399.95,399.95,399.95,0.0,0.0,0.0,BB2207
2022-06-30,399.95,399.95,399.95,399.95,0.0,0.0,0.0,BB2207
2022-07-01,399.95,399.95,399.95,399.95,0.0,0.0,0.0,BB2207
2022-07-04,399.95,399.95,399.95,399.95,0.0,0.0,0.0,BB2207
2022-07-05,399.95,399.95,399.95,399.95,0.0,0.0,0.0,BB2207
2022-07-06,399.95,399.95,399.95,399.95,0.0,0.0,0.0,BB2207
2022-07-07,399.95,399.95,399.95,399.95,0.0,0.0,0.0,BB2207
2022-07-08,399.95,399.95,399.95,399.95,0.0,0.0,0.0,BB2207
2022-07-11,399.95,399.95,399.95,399.95,0.0,0.0,0.0,BB2207
2022-07-12,399.95,399.95,399.95,399.95,0.0,0.0,0.0,BB2207
2022-07-13,399.95,399.95,399.95,399.95,0.0,0.0,0.0,BB2207
2022-07-14,400.0,400.0,400.0,400.0,0.0,0.0,0.0,BB2208
2022-07-15,400.0,400.0,400.0,400.0,0.0,0.0,0.0,BB2208
2022-07-18,400.0,400.0,400.0,400.0,0.0,0.0,0.0,BB2208
2022-07-19,400.0,400.0,400.0,400.0,0.0,0.0,0.0,BB2208
2022-07-20,400.0,400.0,400.0,400.0,0.0,0.0,0.0,BB2208
2022-07-21,400.0,400.0,400.0,400.0,0.0,0.0,0.0,BB2208
2022-07-22,400.0,400.0,400.0,400.0,0.0,0.0,0.0,BB2208
2022-07-25,400.0,400.0,400.0,400.0,0.0,0.0,0.0,BB2208
2022-07-26,400.0,400.0,400.0,400.0,0.0,0.0,0.0,BB2208
2022-07-27,400.0,400.0,400.0,400.0,0.0,0.0,0.0,BB2208
2022-07-28,400.0,400.0,400.0,400.0,0.0,0.0,0.0,BB2208
2022-07-29,400.0,400.0,400.0,400.0,0.0,0.0,0.0,BB2208
2022-08-01,400.0,400.0,400.0,400.0,0.0,0.0,0.0,BB2208
2022-08-02,400.0,400.0,400.0,400.0,0.0,0.0,0.0,BB2208
2022-08-03,400.0,400.0,400.0,400.0,0.0,0.0,0.0,BB2208
2022-08-04,400.0,400.0,400.0,400.0,0.0,0.0,0.0,BB2208
2022-08-05,400.0,400.0,400.0,400.0,0.0,0.0,0.0,BB2208
2022-08-08,400.0,400.0,400.0,400.0,0.0,0.0,0.0,BB2208
2022-08-09,400.0,400.0,400.0,400.0,0.0,0.0,0.0,BB2208
2022-08-10,400.0,400.0,400.0,400.0,0.0,0.0,0.0,BB2208
2022-08-11,400.0,400.0,400.0,400.0,0.0,0.0,0.0,BB2208
2022-08-12,400.0,400.0,400.0,400.0,0.0,0.0,0.0,BB2209
2022-08-15,400.0,400.0,400.0,400.0,0.0,0.0,0.0,BB2209
2022-08-16,400.0,400.0,400.0,400.0,0.0,0.0,0.0,BB2209
2022-08-17,400.0,400.0,400.0,400.0,0.0,0.0,0.0,BB2209
2022-08-18,400.0,400.0,400.0,400.0,0.0,0.0,0.0,BB2209
2022-08-19,400.0,400.0,400.0,400.0,0.0,0.0,0.0,BB2209
2022-08-22,400.0,400.0,400.0,400.0,0.0,0.0,0.0,BB2209
2022-08-23,400.0,400.0,400.0,400.0,0.0,0.0,0.0,BB2209
2022-08-24,400.0,400.0,400.0,400.0,0.0,0.0,0.0,BB2209
2022-08-25,400.0,400.0,400.0,400.0,0.0,0.0,0.0,BB2209
2022-08-26,400.0,400.0,400.0,400.0,0.0,0.0,0.0,BB2209
2022-08-29,400.0,400.0,400.0,400.0,0.0,0.0,0.0,BB2209
2022-08-30,400.0,400.0,400.0,400.0,0.0,0.0,0.0,BB2209
2022-08-31,400.0,400.0,400.0,400.0,0.0,0.0,0.0,BB2209
2022-09-01,400.0,400.0,400.0,400.0,0.0,0.0,0.0,BB2209
2022-09-02,400.0,400.0,400.0,400.0,0.0,0.0,0.0,BB2209
2022-09-05,400.0,400.0,400.0,400.0,0.0,0.0,0.0,BB2209
2022-09-06,400.0,400.0,400.0,400.0,0.0,0.0,0.0,BB2209
2022-09-07,400.0,400.0,400.0,400.0,0.0,0.0,0.0,BB2209
2022-09-08,400.0,400.0,400.0,400.0,0.0,0.0,0.0,BB2209
2022-09-09,400.0,400.0,400.0,400.0,0.0,0.0,0.0,BB2209
2022-09-13,400.0,400.0,400.0,400.0,0.0,0.0,0.0,BB2209
2022-09-14,400.0,400.0,400.0,400.0,0.0,0.0,0.0,BB2209
2022-09-15,400.0,400.0,400.0,400.0,0.0,0.0,0.0,BB2210
2022-09-16,400.0,400.0,400.0,400.0,0.0,0.0,0.0,BB2210
2022-09-19,400.0,400.0,400.0,400.0,0.0,0.0,0.0,BB2210
2022-09-20,400.0,400.0,400.0,400.0,0.0,0.0,0.0,BB2210
2022-09-21,400.0,400.0,400.0,400.0,0.0,0.0,0.0,BB2210
2022-09-22,400.0,400.0,400.0,400.0,0.0,0.0,0.0,BB2210
2022-09-23,400.0,400.0,400.0,400.0,0.0,0.0,0.0,BB2210
2022-09-26,400.0,400.0,400.0,400.0,0.0,0.0,0.0,BB2210
2022-09-27,400.0,400.0,400.0,400.0,0.0,0.0,0.0,BB2210
2022-09-28,400.0,400.0,400.0,400.0,0.0,0.0,0.0,BB2210
2022-09-29,400.0,400.0,400.0,400.0,0.0,0.0,0.0,BB2210
2022-09-30,400.0,400.0,400.0,400.0,0.0,0.0,0.0,BB2210
2022-10-10,400.0,400.0,400.0,400.0,0.0,0.0,0.0,BB2210
2022-10-11,400.0,400.0,400.0,400.0,0.0,0.0,0.0,BB2210
2022-10-12,400.0,400.0,400.0,400.0,0.0,0.0,0.0,BB2210
2022-10-13,400.0,400.0,400.0,400.0,0.0,0.0,0.0,BB2210
2022-10-14,400.0,400.0,400.0,400.0,0.0,0.0,0.0,BB2210
2022-10-17,400.0,400.0,400.0,400.0,0.0,0.0,0.0,BB2210
2022-10-18,400.0,400.0,400.0,400.0,0.0,0.0,0.0,BB2210
2022-10-19,400.0,400.0,400.0,400.0,0.0,0.0,0.0,BB2210
2022-10-20,400.0,400.0,400.0,400.0,0.0,0.0,0.0,BB2210
2022-10-21,400.0,400.0,400.0,400.0,0.0,0.0,0.0,BB2211
2022-10-24,400.0,400.0,400.0,400.0,0.0,0.0,0.0,BB2211
2022-10-25,400.0,400.0,400.0,400.0,0.0,0.0,0.0,BB2211
2022-10-26,400.0,400.0,400.0,400.0,0.0,0.0,0.0,BB2211
2022-10-27,400.0,400.0,400.0,400.0,0.0,0.0,0.0,BB2211
2022-10-28,400.0,400.0,400.0,400.0,0.0,0.0,0.0,BB2211
2022-10-31,400.0,400.0,400.0,400.0,0.0,0.0,0.0,BB2211
2022-11-01,400.0,400.0,400.0,400.0,0.0,0.0,0.0,BB2211
2022-11-02,400.0,400.0,400.0,400.0,0.0,0.0,0.0,BB2211
2022-11-03,400.0,400.0,400.0,400.0,0.0,0.0,0.0,BB2211
2022-11-04,400.0,400.0,400.0,400.0,0.0,0.0,0.0,BB2211
2022-11-07,400.0,400.0,400.0,400.0,0.0,0.0,0.0,BB2211
2022-11-08,400.0,400.0,400.0,400.0,0.0,0.0,0.0,BB2211
2022-11-09,400.0,400.0,400.0,400.0,0.0,0.0,0.0,BB2211
2022-11-10,400.0,400.0,400.0,400.0,0.0,0.0,0.0,BB2211
2022-11-11,400.0,400.0,400.0,400.0,0.0,0.0,0.0,BB2211
2022-11-14,400.0,400.0,400.0,400.0,0.0,0.0,0.0,BB2212
2022-11-15,400.0,400.0,400.0,400.0,0.0,0.0,0.0,BB2212
2022-11-16,400.0,400.0,400.0,400.0,0.0,0.0,0.0,BB2212
2022-11-17,400.0,400.0,400.0,400.0,0.0,0.0,0.0,BB2212
2022-11-18,400.0,400.0,400.0,400.0,0.0,0.0,0.0,BB2212
2022-11-21,400.0,400.0,400.0,400.0,0.0,0.0,0.0,BB2212
2022-11-22,400.0,400.0,400.0,400.0,0.0,0.0,0.0,BB2212
2022-11-23,400.0,400.0,400.0,400.0,0.0,0.0,0.0,BB2212
2022-11-24,400.0,400.0,400.0,400.0,0.0,0.0,0.0,BB2212
2022-11-25,400.0,400.0,400.0,400.0,0.0,0.0,0.0,BB2212
2022-11-28,400.0,400.0,400.0,400.0,0.0,0.0,0.0,BB2212
2022-11-29,400.0,400.0,400.0,400.0,0.0,0.0,0.0,BB2212
2022-11-30,400.0,400.0,400.0,400.0,0.0,0.0,0.0,BB2212
2022-12-01,400.0,400.0,400.0,400.0,0.0,0.0,0.0,BB2212
2022-12-02,400.0,400.0,400.0,400.0,0.0,0.0,0.0,BB2212
2022-12-05,400.0,400.0,400.0,400.0,0.0,0.0,0.0,BB2212
2022-12-06,400.0,400.0,400.0,400.0,0.0,0.0,0.0,BB2212
2022-12-07,400.0,400.0,400.0,400.0,0.0,0.0,0.0,BB2212
2022-12-08,400.0,400.0,400.0,400.0,0.0,0.0,0.0,BB2212
2022-12-09,400.0,400.0,400.0,400.0,0.0,0.0,0.0,BB2212
2022-12-12,400.0,400.0,400.0,400.0,0.0,0.0,0.0,BB2212
2022-12-13,400.0,400.0,400.0,400.0,0.0,0.0,0.0,BB2212
2022-12-14,400.0,400.0,400.0,400.0,0.0,0.0,0.0,BB2301
2022-12-15,400.0,400.0,400.0,400.0,0.0,0.0,0.0,BB2301
2022-12-16,400.0,400.0,400.0,400.0,0.0,0.0,0.0,BB2301
2022-12-19,400.0,400.0,400.0,400.0,0.0,0.0,0.0,BB2301
2022-12-20,400.0,400.0,400.0,400.0,0.0,0.0,0.0,BB2301
2022-12-21,400.0,400.0,400.0,400.0,0.0,0.0,0.0,BB2301
2022-12-22,400.0,400.0,400.0,400.0,0.0,0.0,0.0,BB2301
2022-12-23,400.0,400.0,400.0,400.0,0.0,0.0,0.0,BB2301
2022-12-26,400.0,400.0,400.0,400.0,0.0,0.0,0.0,BB2301
2022-12-27,400.0,400.0,400.0,400.0,0.0,0.0,0.0,BB2301
2022-12-28,400.0,400.0,400.0,400.0,0.0,0.0,0.0,BB2301
2022-12-29,400.0,400.0,400.0,400.0,0.0,0.0,0.0,BB2301
2022-12-30,400.0,400.0,400.0,400.0,0.0,0.0,0.0,BB2301
2023-01-03,400.0,400.0,400.0,400.0,0.0,0.0,0.0,BB2301
2023-01-04,400.0,400.0,400.0,400.0,0.0,0.0,0.0,BB2301
2023-01-05,400.0,400.0,400.0,400.0,0.0,0.0,0.0,BB2301
2023-01-06,400.0,400.0,400.0,400.0,0.0,0.0,0.0,BB2301
2023-01-09,400.0,400.0,400.0,400.0,0.0,0.0,0.0,BB2301
2023-01-10,400.0,400.0,400.0,400.0,0.0,0.0,0.0,BB2301
2023-01-11,400.0,400.0,400.0,400.0,0.0,0.0,0.0,BB2301
2023-01-12,400.0,400.0,400.0,400.0,0.0,0.0,0.0,BB2301
2023-01-13,400.0,400.0,400.0,400.0,0.0,0.0,0.0,BB2301
2023-01-16,400.0,400.0,400.0,400.0,0.0,0.0,0.0,BB2302
2023-01-17,400.0,400.0,400.0,400.0,0.0,0.0,0.0,BB2302
2023-01-18,400.0,400.0,400.0,400.0,0.0,0.0,0.0,BB2302
2023-01-19,400.0,400.0,400.0,400.0,0.0,0.0,0.0,BB2302
2023-01-20,400.0,400.0,400.0,400.0,0.0,0.0,0.0,BB2302
2023-01-30,400.0,400.0,400.0,400.0,0.0,0.0,0.0,BB2302
2023-01-31,400.0,400.0,400.0,400.0,0.0,0.0,0.0,BB2302
2023-02-01,400.0,400.0,400.0,400.0,0.0,0.0,0.0,BB2302
2023-02-02,400.0,400.0,400.0,400.0,0.0,0.0,0.0,BB2302
2023-02-03,400.0,400.0,400.0,400.0,0.0,0.0,0.0,BB2302
2023-02-06,400.0,400.0,400.0,400.0,0.0,0.0,0.0,BB2302
2023-02-07,400.0,400.0,400.0,400.0,0.0,0.0,0.0,BB2302
2023-02-08,400.0,400.0,400.0,400.0,0.0,0.0,0.0,BB2302
2023-02-09,400.0,400.0,400.0,400.0,0.0,0.0,0.0,BB2302
2023-02-10,400.0,400.0,400.0,400.0,0.0,0.0,0.0,BB2302
2023-02-13,400.0,400.0,400.0,400.0,0.0,0.0,0.0,BB2302
2023-02-14,400.0,400.0,400.0,400.0,0.0,0.0,0.0,BB2303
2023-02-15,400.0,400.0,400.0,400.0,0.0,0.0,0.0,BB2303
2023-02-16,400.0,400.0,400.0,400.0,0.0,0.0,0.0,BB2303
2023-02-17,400.0,400.0,400.0,400.0,0.0,0.0,0.0,BB2303
2023-02-20,400.0,400.0,400.0,400.0,0.0,0.0,0.0,BB2303
2023-02-21,400.0,400.0,400.0,400.0,0.0,0.0,0.0,BB2303
2023-02-22,400.0,400.0,400.0,400.0,0.0,0.0,0.0,BB2303
2023-02-23,400.0,400.0,400.0,400.0,0.0,0.0,0.0,BB2303
2023-02-24,400.0,400.0,400.0,400.0,0.0,0.0,0.0,BB2303
2023-02-27,400.0,400.0,400.0,400.0,0.0,0.0,0.0,BB2303
2023-02-28,400.0,400.0,400.0,400.0,0.0,0.0,0.0,BB2303
2023-03-01,400.0,400.0,400.0,400.0,0.0,0.0,0.0,BB2303
2023-03-02,400.0,400.0,400.0,400.0,0.0,0.0,0.0,BB2303
2023-03-03,400.0,400.0,400.0,400.0,0.0,0.0,0.0,BB2303
2023-03-06,400.0,400.0,400.0,400.0,0.0,0.0,0.0,BB2303
2023-03-07,400.0,400.0,400.0,400.0,0.0,0.0,0.0,BB2303
2023-03-08,400.0,400.0,400.0,400.0,0.0,0.0,0.0,BB2303
2023-03-09,400.0,400.0,400.0,400.0,0.0,0.0,0.0,BB2303
2023-03-10,400.0,400.0,400.0,400.0,0.0,0.0,0.0,BB2303
2023-03-13,400.0,400.0,400.0,400.0,0.0,0.0,0.0,BB2303
2023-03-14,400.0,400.0,400.0,400.0,0.0,0.0,0.0,BB2304
2023-03-15,400.0,400.0,400.0,400.0,0.0,0.0,0.0,BB2304
2023-03-16,400.0,400.0,400.0,400.0,0.0,0.0,0.0,BB2304
2023-03-17,400.0,400.0,400.0,400.0,0.0,0.0,0.0,BB2304
2023-03-20,400.0,400.0,400.0,400.0,0.0,0.0,0.0,BB2304
2023-03-21,400.0,400.0,400.0,400.0,0.0,0.0,0.0,BB2304
2023-03-22,400.0,400.0,400.0,400.0,0.0,0.0,0.0,BB2304
2023-03-23,400.0,400.0,400.0,400.0,0.0,0.0,0.0,BB2304
2023-03-24,400.0,400.0,400.0,400.0,0.0,0.0,0.0,BB2304
2023-03-27,400.0,400.0,400.0,400.0,0.0,0.0,0.0,BB2304
2023-03-28,400.0,400.0,400.0,400.0,0.0,0.0,0.0,BB2304
2023-03-29,400.0,400.0,400.0,400.0,0.0,0.0,0.0,BB2304
2023-03-30,400.0,400.0,400.0,400.0,0.0,0.0,0.0,BB2304
2023-03-31,400.0,400.0,400.0,400.0,0.0,0.0,0.0,BB2304
2023-04-03,400.0,400.0,400.0,400.0,0.0,0.0,0.0,BB2304
2023-04-04,400.0,400.0,400.0,400.0,0.0,0.0,0.0,BB2304
2023-04-06,400.0,400.0,400.0,400.0,0.0,0.0,0.0,BB2304
2023-04-07,400.0,400.0,400.0,400.0,0.0,0.0,0.0,BB2304
2023-04-10,400.0,400.0,400.0,400.0,0.0,0.0,0.0,BB2304
2023-04-11,400.0,400.0,400.0,400.0,0.0,0.0,0.0,BB2304
2023-04-12,400.0,400.0,400.0,400.0,0.0,0.0,0.0,BB2304
2023-04-13,400.0,400.0,400.0,400.0,0.0,0.0,0.0,BB2304
2023-04-14,400.0,400.0,400.0,400.0,0.0,0.0,0.0,BB2304
2023-04-17,400.0,400.0,400.0,400.0,0.0,0.0,0.0,BB2305
2023-04-18,400.0,400.0,400.0,400.0,0.0,0.0,0.0,BB2305
2023-04-19,400.0,400.0,400.0,400.0,0.0,0.0,0.0,BB2305
2023-04-20,400.0,400.0,400.0,400.0,0.0,0.0,0.0,BB2305
2023-04-21,400.0,400.0,400.0,400.0,0.0,0.0,0.0,BB2305
2023-04-24,400.0,400.0,400.0,400.0,0.0,0.0,0.0,BB2305
2023-04-25,400.0,400.0,400.0,400.0,0.0,0.0,0.0,BB2305
2023-04-26,400.0,400.0,400.0,400.0,0.0,0.0,0.0,BB2305
2023-04-27,400.0,400.0,400.0,400.0,0.0,0.0,0.0,BB2305
2023-04-28,400.0,400.0,400.0,400.0,0.0,0.0,0.0,BB2305
2023-05-04,400.0,400.0,400.0,400.0,0.0,0.0,0.0,BB2305
2023-05-05,400.0,400.0,400.0,400.0,0.0,0.0,0.0,BB2305
2023-05-08,400.0,400.0,400.0,400.0,0.0,0.0,0.0,BB2305
2023-05-09,400.0,400.0,400.0,400.0,0.0,0.0,0.0,BB2305
2023-05-10,400.0,400.0,400.0,400.0,0.0,0.0,0.0,BB2305
2023-05-11,400.0,400.0,400.0,400.0,0.0,0.0,0.0,BB2305
2023-05-12,400.0,400.0,400.0,400.0,0.0,0.0,0.0,BB2305
2023-05-15,400.0,400.0,400.0,400.0,0.0,0.0,0.0,BB2305
2023-05-16,400.0,400.0,400.0,400.0,0.0,0.0,0.0,BB2305
2023-05-17,400.0,400.0,400.0,400.0,0.0,0.0,0.0,BB2306
2023-05-18,400.0,400.0,400.0,400.0,0.0,0.0,0.0,BB2306
2023-05-19,400.0,400.0,400.0,400.0,0.0,0.0,0.0,BB2306
2023-05-22,400.0,400.0,400.0,400.0,0.0,0.0,0.0,BB2306
2023-05-23,400.0,400.0,400.0,400.0,0.0,0.0,0.0,BB2306
2023-05-24,400.0,400.0,400.0,400.0,0.0,0.0,0.0,BB2306
2023-05-25,400.0,400.0,400.0,400.0,0.0,0.0,0.0,BB2306
2023-05-26,400.0,400.0,400.0,400.0,0.0,0.0,0.0,BB2306
2023-05-29,400.0,400.0,400.0,400.0,0.0,0.0,0.0,BB2306
2023-05-30,400.0,400.0,400.0,400.0,0.0,0.0,0.0,BB2306
2023-05-31,400.0,400.0,400.0,400.0,0.0,0.0,0.0,BB2306
2023-06-01,400.0,400.0,400.0,400.0,0.0,0.0,0.0,BB2306
2023-06-02,400.0,400.0,400.0,400.0,0.0,0.0,0.0,BB2306
2023-06-05,400.0,400.0,400.0,400.0,0.0,0.0,0.0,BB2306
2023-06-06,400.0,400.0,400.0,400.0,0.0,0.0,0.0,BB2306
2023-06-07,400.0,400.0,400.0,400.0,0.0,0.0,0.0,BB2306
2023-06-08,400.0,400.0,400.0,400.0,0.0,0.0,0.0,BB2306
2023-06-09,400.0,400.0,400.0,400.0,0.0,0.0,0.0,BB2306
2023-06-12,400.0,400.0,400.0,400.0,0.0,0.0,0.0,BB2306
2023-06-13,400.0,400.0,400.0,400.0,0.0,0.0,0.0,BB2306
2023-06-14,400.0,400.0,400.0,400.0,0.0,0.0,0.0,BB2307
2023-06-15,400.0,400.0,400.0,400.0,0.0,0.0,0.0,BB2307
2023-06-16,400.0,400.0,400.0,400.0,0.0,0.0,0.0,BB2307
2023-06-19,400.0,400.0,400.0,400.0,0.0,0.0,0.0,BB2307
2023-06-20,400.0,400.0,400.0,400.0,0.0,0.0,0.0,BB2307
2023-06-21,400.0,400.0,400.0,400.0,0.0,0.0,0.0,BB2307
2023-06-26,400.0,400.0,400.0,400.0,0.0,0.0,0.0,BB2307
2023-06-27,400.0,400.0,400.0,400.0,0.0,0.0,0.0,BB2307
2023-06-28,400.0,400.0,400.0,400.0,0.0,0.0,0.0,BB2307
2023-06-29,400.0,400.0,400.0,400.0,0.0,0.0,0.0,BB2307
2023-06-30,400.0,400.0,400.0,400.0,0.0,0.0,0.0,BB2307
2023-07-03,400.0,400.0,400.0,400.0,0.0,0.0,0.0,BB2307
2023-07-04,400.0,400.0,400.0,400.0,0.0,0.0,0.0,BB2307
2023-07-05,400.0,400.0,400.0,400.0,0.0,0.0,0.0,BB2307
2023-07-06,400.0,400.0,400.0,400.0,0.0,0.0,0.0,BB2307
2023-07-07,400.0,400.0,400.0,400.0,0.0,0.0,0.0,BB2307
2023-07-10,400.0,400.0,400.0,400.0,0.0,0.0,0.0,BB2307
2023-07-11,400.0,400.0,400.0,400.0,0.0,0.0,0.0,BB2307
2023-07-12,400.0,400.0,400.0,400.0,0.0,0.0,0.0,BB2307
2023-07-13,400.0,400.0,400.0,400.0,0.0,0.0,0.0,BB2307
2023-07-14,400.0,400.0,400.0,400.0,0.0,0.0,0.0,BB2308
2023-07-17,400.0,400.0,400.0,400.0,0.0,0.0,0.0,BB2308
2023-07-18,400.0,400.0,400.0,400.0,0.0,0.0,0.0,BB2308
2023-07-19,400.0,400.0,400.0,400.0,0.0,0.0,0.0,BB2308
2023-07-20,400.0,400.0,400.0,400.0,0.0,0.0,0.0,BB2308
2023-07-21,400.0,400.0,400.0,400.0,0.0,0.0,0.0,BB2308
2023-07-24,400.0,400.0,400.0,400.0,0.0,0.0,0.0,BB2308
2023-07-25,400.0,400.0,400.0,400.0,0.0,0.0,0.0,BB2308
2023-07-26,400.0,400.0,400.0,400.0,0.0,0.0,0.0,BB2308
2023-07-27,400.0,400.0,400.0,400.0,0.0,0.0,0.0,BB2308
2023-07-28,400.0,400.0,400.0,400.0,0.0,0.0,0.0,BB2308
2023-07-31,400.0,400.0,400.0,400.0,0.0,0.0,0.0,BB2308
2023-08-01,400.0,400.0,400.0,400.0,0.0,0.0,0.0,BB2308
2023-08-02,400.0,400.0,400.0,400.0,0.0,0.0,0.0,BB2308
2023-08-03,400.0,400.0,400.0,400.0,0.0,0.0,0.0,BB2308
2023-08-04,400.0,400.0,400.0,400.0,0.0,0.0,0.0,BB2308
2023-08-07,400.0,400.0,400.0,400.0,0.0,0.0,0.0,BB2308
2023-08-08,400.0,400.0,400.0,400.0,0.0,0.0,0.0,BB2308
2023-08-09,400.0,400.0,400.0,400.0,0.0,0.0,0.0,BB2308
2023-08-10,400.0,400.0,400.0,400.0,0.0,0.0,0.0,BB2308
2023-08-11,400.0,400.0,400.0,400.0,0.0,0.0,0.0,BB2308
2023-08-14,400.0,400.0,400.0,400.0,0.0,0.0,0.0,BB2309
2023-08-15,400.0,400.0,400.0,400.0,0.0,0.0,0.0,BB2309
2023-08-16,400.0,400.0,400.0,400.0,0.0,0.0,0.0,BB2309
2023-08-17,400.0,400.0,400.0,400.0,0.0,0.0,0.0,BB2309
2023-08-18,400.0,400.0,400.0,400.0,0.0,0.0,0.0,BB2309
2023-08-21,400.0,400.0,400.0,400.0,0.0,0.0,0.0,BB2309
2023-08-22,400.0,400.0,400.0,400.0,0.0,0.0,0.0,BB2309
2023-08-23,400.0,400.0,400.0,400.0,0.0,0.0,0.0,BB2309
2023-08-24,400.0,400.0,400.0,400.0,0.0,0.0,0.0,BB2309
2023-08-25,400.0,400.0,400.0,400.0,0.0,0.0,0.0,BB2309
2023-08-28,400.0,400.0,400.0,400.0,0.0,0.0,0.0,BB2309
2023-08-29,400.0,400.0,400.0,400.0,0.0,0.0,0.0,BB2309
2023-08-30,400.0,400.0,400.0,400.0,0.0,0.0,0.0,BB2309
2023-08-31,400.0,400.0,400.0,400.0,0.0,0.0,0.0,BB2309
2023-09-01,400.0,400.0,400.0,400.0,0.0,0.0,0.0,BB2309
2023-09-04,400.0,400.0,400.0,400.0,0.0,0.0,0.0,BB2309
2023-09-05,400.0,400.0,400.0,400.0,0.0,0.0,0.0,BB2309
2023-09-06,400.0,400.0,400.0,400.0,0.0,0.0,0.0,BB2309
2023-09-07,400.0,400.0,400.0,400.0,0.0,0.0,0.0,BB2309
2023-09-08,400.0,400.0,400.0,400.0,0.0,0.0,0.0,BB2309
2023-09-11,400.0,400.0,400.0,400.0,0.0,0.0,0.0,BB2309
2023-09-12,400.0,400.0,400.0,400.0,0.0,0.0,0.0,BB2309
2023-09-13,400.0,400.0,400.0,400.0,0.0,0.0,0.0,BB2309
2023-09-14,400.0,400.0,400.0,400.0,0.0,0.0,0.0,BB2310
2023-09-15,400.0,400.0,400.0,400.0,0.0,0.0,0.0,BB2310
2023-09-18,400.0,400.0,400.0,400.0,0.0,0.0,0.0,BB2310
2023-09-19,400.0,400.0,400.0,400.0,0.0,0.0,0.0,BB2310
2023-09-20,400.0,400.0,400.0,400.0,0.0,0.0,0.0,BB2310
2023-09-21,400.0,400.0,400.0,400.0,0.0,0.0,0.0,BB2310
2023-09-22,400.0,400.0,400.0,400.0,0.0,0.0,0.0,BB2310
2023-09-25,400.0,400.0,400.0,400.0,0.0,0.0,0.0,BB2310
2023-09-26,400.0,400.0,400.0,400.0,0.0,0.0,0.0,BB2310
2023-09-27,400.0,400.0,400.0,400.0,0.0,0.0,0.0,BB2310
2023-09-28,400.0,400.0,400.0,400.0,0.0,0.0,0.0,BB2310
2023-10-09,400.0,400.0,400.0,400.0,0.0,0.0,0.0,BB2310
2023-10-10,400.0,400.0,400.0,400.0,0.0,0.0,0.0,BB2310
2023-10-11,400.0,400.0,400.0,400.0,0.0,0.0,0.0,BB2310
2023-10-12,400.0,400.0,400.0,400.0,0.0,0.0,0.0,BB2310
2023-10-13,400.0,400.0,400.0,400.0,0.0,0.0,0.0,BB2310
2023-10-16,400.0,400.0,400.0,400.0,0.0,0.0,0.0,BB2310
2023-10-17,400.0,400.0,400.0,400.0,0.0,0.0,0.0,BB2310
2023-10-18,400.0,400.0,400.0,400.0,0.0,0.0,0.0,BB2310
2023-10-19,400.0,400.0,400.0,400.0,0.0,0.0,0.0,BB2310
2023-10-20,400.0,400.0,400.0,400.0,0.0,0.0,0.0,BB2311
2023-10-23,400.0,400.0,400.0,400.0,0.0,0.0,0.0,BB2311
2023-10-24,400.0,400.0,400.0,400.0,0.0,0.0,0.0,BB2311
2023-10-25,400.0,400.0,400.0,400.0,0.0,0.0,0.0,BB2311
2023-10-26,400.0,400.0,400.0,400.0,0.0,0.0,0.0,BB2311
2023-10-27,400.0,400.0,400.0,400.0,0.0,0.0,0.0,BB2311
2023-10-30,400.0,400.0,400.0,400.0,0.0,0.0,0.0,BB2311
2023-10-31,400.0,400.0,400.0,400.0,0.0,0.0,0.0,BB2311
2023-11-01,400.0,400.0,400.0,400.0,0.0,0.0,0.0,BB2311
2023-11-02,400.0,400.0,400.0,400.0,0.0,0.0,0.0,BB2311
2023-11-03,400.0,400.0,400.0,400.0,0.0,0.0,0.0,BB2311
2023-11-06,400.0,400.0,400.0,400.0,0.0,0.0,0.0,BB2311
2023-11-07,400.0,400.0,400.0,400.0,0.0,0.0,0.0,BB2311
2023-11-08,400.0,400.0,400.0,400.0,0.0,0.0,0.0,BB2311
2023-11-09,400.0,400.0,400.0,400.0,0.0,0.0,0.0,BB2311
2023-11-10,400.0,400.0,400.0,400.0,0.0,0.0,0.0,BB2311
2023-11-13,400.0,400.0,400.0,400.0,0.0,0.0,0.0,BB2311
2023-11-14,400.0,400.0,400.0,400.0,0.0,0.0,0.0,BB2312
2023-11-15,400.0,400.0,400.0,400.0,0.0,0.0,0.0,BB2312
2023-11-16,400.0,400.0,400.0,400.0,0.0,0.0,0.0,BB2312
2023-11-17,400.0,400.0,400.0,400.0,0.0,0.0,0.0,BB2312
2023-11-20,400.0,400.0,400.0,400.0,0.0,0.0,0.0,BB2312
2023-11-21,400.0,400.0,400.0,400.0,0.0,0.0,0.0,BB2312
2023-11-22,400.0,400.0,400.0,400.0,0.0,0.0,0.0,BB2312
2023-11-23,400.0,400.0,400.0,400.0,0.0,0.0,0.0,BB2312
2023-11-24,400.0,400.0,400.0,400.0,0.0,0.0,0.0,BB2312
2023-11-27,400.0,400.0,400.0,400.0,0.0,0.0,0.0,BB2312
2023-11-28,400.0,400.0,400.0,400.0,0.0,0.0,0.0,BB2312
2023-11-29,400.0,400.0,400.0,400.0,0.0,0.0,0.0,BB2312
2023-11-30,400.0,400.0,400.0,400.0,0.0,0.0,0.0,BB2312
2023-12-01,400.0,400.0,400.0,400.0,0.0,0.0,0.0,BB2312
2023-12-04,400.0,400.0,400.0,400.0,0.0,0.0,0.0,BB2312
2023-12-05,400.0,400.0,400.0,400.0,0.0,0.0,0.0,BB2312
2023-12-06,400.0,400.0,400.0,400.0,0.0,0.0,0.0,BB2312
2023-12-07,400.0,400.0,400.0,400.0,0.0,0.0,0.0,BB2312
2023-12-08,400.0,400.0,400.0,400.0,0.0,0.0,0.0,BB2312
2023-12-11,400.0,400.0,400.0,400.0,0.0,0.0,0.0,BB2312
2023-12-12,400.0,400.0,400.0,400.0,0.0,0.0,0.0,BB2312
2023-12-13,400.0,400.0,400.0,400.0,0.0,0.0,0.0,BB2312
2023-12-14,400.0,400.0,400.0,400.0,0.0,0.0,0.0,BB2312
2023-12-15,400.0,400.0,400.0,400.0,0.0,0.0,0.0,BB2401
2023-12-18,400.0,400.0,400.0,400.0,0.0,0.0,0.0,BB2401
2023-12-19,400.0,400.0,400.0,400.0,0.0,0.0,0.0,BB2401
2023-12-20,400.0,400.0,400.0,400.0,0.0,0.0,0.0,BB2401
2023-12-21,400.0,400.0,400.0,400.0,0.0,0.0,0.0,BB2401
2023-12-22,400.0,400.0,400.0,400.0,0.0,0.0,0.0,BB2401
2023-12-25,400.0,400.0,400.0,400.0,0.0,0.0,0.0,BB2401
2023-12-26,400.0,400.0,400.0,400.0,0.0,0.0,0.0,BB2401
2023-12-27,400.0,400.0,400.0,400.0,0.0,0.0,0.0,BB2401
2023-12-28,400.0,400.0,400.0,400.0,0.0,0.0,0.0,BB2401
2023-12-29,400.0,400.0,400.0,400.0,0.0,0.0,0.0,BB2401
2024-01-02,400.0,400.0,400.0,400.0,0.0,0.0,0.0,BB2401
2024-01-03,400.0,400.0,400.0,400.0,0.0,0.0,0.0,BB2401
2024-01-04,400.0,400.0,400.0,400.0,0.0,0.0,0.0,BB2401
2024-01-05,400.0,400.0,400.0,400.0,0.0,0.0,0.0,BB2401
2024-01-08,400.0,400.0,400.0,400.0,0.0,0.0,0.0,BB2401
2024-01-09,400.0,400.0,400.0,400.0,0.0,0.0,0.0,BB2401
2024-01-10,400.0,400.0,400.0,400.0,0.0,0.0,0.0,BB2401
2024-01-11,400.0,400.0,400.0,400.0,0.0,0.0,0.0,BB2401
2024-01-12,400.0,400.0,400.0,400.0,0.0,0.0,0.0,BB2401
2024-01-15,400.0,400.0,400.0,400.0,0.0,0.0,0.0,BB2401
2024-01-16,400.0,400.0,400.0,400.0,0.0,0.0,0.0,BB2402
2024-01-17,400.0,400.0,400.0,400.0,0.0,0.0,0.0,BB2402
2024-01-18,400.0,400.0,400.0,400.0,0.0,0.0,0.0,BB2402
2024-01-19,400.0,400.0,400.0,400.0,0.0,0.0,0.0,BB2402
2024-01-22,400.0,400.0,400.0,400.0,0.0,0.0,0.0,BB2402
2024-01-23,400.0,400.0,400.0,400.0,0.0,0.0,0.0,BB2402
2024-01-24,400.0,400.0,400.0,400.0,0.0,0.0,0.0,BB2402
2024-01-25,400.0,400.0,400.0,400.0,0.0,0.0,0.0,BB2402
2024-01-26,400.0,400.0,400.0,400.0,0.0,0.0,0.0,BB2402
2024-01-29,400.0,400.0,400.0,400.0,0.0,0.0,0.0,BB2402
2024-01-30,400.0,400.0,400.0,400.0,0.0,0.0,0.0,BB2402
2024-01-31,400.0,400.0,400.0,400.0,0.0,0.0,0.0,BB2402
2024-02-01,400.0,400.0,400.0,400.0,0.0,0.0,0.0,BB2402
2024-02-02,400.0,400.0,400.0,400.0,0.0,0.0,0.0,BB2402
2024-02-05,400.0,400.0,400.0,400.0,0.0,0.0,0.0,BB2402
2024-02-06,400.0,400.0,400.0,400.0,0.0,0.0,0.0,BB2402
2024-02-07,400.0,400.0,400.0,400.0,0.0,0.0,0.0,BB2402
2024-02-08,400.0,400.0,400.0,400.0,0.0,0.0,0.0,BB2402
2024-02-19,400.0,400.0,400.0,400.0,0.0,0.0,0.0,BB2402
2024-02-20,400.0,400.0,400.0,400.0,0.0,0.0,0.0,BB2402
2024-02-21,400.0,400.0,400.0,400.0,0.0,0.0,0.0,BB2402
2024-02-22,400.0,400.0,400.0,400.0,0.0,0.0,0.0,BB2402
2024-02-23,400.0,400.0,400.0,400.0,0.0,0.0,0.0,BB2403
2024-02-26,400.0,400.0,400.0,400.0,0.0,0.0,0.0,BB2403
2024-02-27,400.0,400.0,400.0,400.0,0.0,0.0,0.0,BB2403
2024-02-28,400.0,400.0,400.0,400.0,0.0,0.0,0.0,BB2403
2024-02-29,400.0,400.0,400.0,400.0,0.0,0.0,0.0,BB2403
2024-03-01,400.0,400.0,400.0,400.0,0.0,0.0,0.0,BB2403
2024-03-04,400.0,400.0,400.0,400.0,0.0,0.0,0.0,BB2403
2024-03-05,400.0,400.0,400.0,400.0,0.0,0.0,0.0,BB2403
2024-03-06,400.0,400.0,400.0,400.0,0.0,0.0,0.0,BB2403
2024-03-07,400.0,400.0,400.0,400.0,0.0,0.0,0.0,BB2403
2024-03-08,400.0,400.0,400.0,400.0,0.0,0.0,0.0,BB2403
2024-03-11,400.0,400.0,400.0,400.0,0.0,0.0,0.0,BB2403
2024-03-12,400.0,400.0,400.0,400.0,0.0,0.0,0.0,BB2403
2024-03-13,400.0,400.0,400.0,400.0,0.0,0.0,0.0,BB2403
2024-03-14,400.0,400.0,400.0,400.0,0.0,0.0,0.0,BB2403
2024-03-15,400.0,400.0,400.0,400.0,0.0,0.0,0.0,BB2404
2024-03-18,400.0,400.0,400.0,400.0,0.0,0.0,0.0,BB2404
2024-03-19,400.0,400.0,400.0,400.0,0.0,0.0,0.0,BB2404
2024-03-20,400.0,400.0,400.0,400.0,0.0,0.0,0.0,BB2404
2024-03-21,400.0,400.0,400.0,400.0,0.0,0.0,0.0,BB2404
2024-03-22,400.0,400.0,400.0,400.0,0.0,0.0,0.0,BB2404
2024-03-25,400.0,400.0,400.0,400.0,0.0,0.0,0.0,BB2404
2024-03-26,400.0,400.0,400.0,400.0,0.0,0.0,0.0,BB2404
2024-03-27,400.0,400.0,400.0,400.0,0.0,0.0,0.0,BB2404
2024-03-28,400.0,400.0,400.0,400.0,0.0,0.0,0.0,BB2404
2024-03-29,400.0,400.0,400.0,400.0,0.0,0.0,0.0,BB2404
2024-04-01,400.0,400.0,400.0,400.0,0.0,0.0,0.0,BB2404
